subject,precision.pmt,precision.rg,recall.pmt,recall.rg,fmeasure.pmt,fmeasure.rg,auc.pmt,auc.rg
D:\experimental data\ISSTA2016_PMT\AAAAADataForISSTA\test_9ASE\AICE_arffs\aho-corasick.arff,0.941718816,0.139851274,0.938016529,0.373966942,0.938535832,0.203572982,0.970351731,0.5
D:\experimental data\ISSTA2016_PMT\AAAAADataForISSTA\test_9ASE\AICE_arffs\anomaly-detection.arff,0.959946595,0.00388195,0.887850467,0.062305296,0.910845606,0.007308539,0.957973422,0.5
D:\experimental data\ISSTA2016_PMT\AAAAADataForISSTA\test_9ASE\AICE_arffs\apk-parser.arff,1,1.52E-06,1,0.001231148,1,3.03E-06,1,0.5
D:\experimental data\ISSTA2016_PMT\AAAAADataForISSTA\test_9ASE\AICE_arffs\appengine-guestbook-java.arff,1,0.171921475,1,0.414634146,1,0.243061396,1,0.5
D:\experimental data\ISSTA2016_PMT\AAAAADataForISSTA\test_9ASE\AICE_arffs\are-we-consistent-yet.arff,0.997903564,3.56E-04,0.997641509,0.018867925,0.997709458,6.99E-04,0.999098558,0.5
D:\experimental data\ISSTA2016_PMT\AAAAADataForISSTA\test_9ASE\AICE_arffs\ashot.arff,0.856593577,0.333667683,0.826974268,0.577639752,0.817739728,0.422996039,0.862257806,0.5
D:\experimental data\ISSTA2016_PMT\AAAAADataForISSTA\test_9ASE\AICE_arffs\brickhouse.arff,0.99167381,0.001443583,0.990207599,0.037994516,0.990638581,0.002781485,0.996931096,0.5
D:\experimental data\ISSTA2016_PMT\AAAAADataForISSTA\test_9ASE\AICE_arffs\byteunits.arff,0.953917051,0.026014568,0.935483871,0.161290323,0.939569892,0.044802867,0.984615385,0.5
D:\experimental data\ISSTA2016_PMT\AAAAADataForISSTA\test_9ASE\AICE_arffs\cassandra-reaper.arff,0.959869134,0.020029251,0.946269262,0.141524736,0.949521909,0.035092102,0.97907448,0.5
D:\experimental data\ISSTA2016_PMT\AAAAADataForISSTA\test_9ASE\AICE_arffs\chromecast-java-api-v2.arff,0.87571666,0.077126949,0.817934783,0.277717391,0.826896944,0.120726148,0.899469754,0.5
D:\experimental data\ISSTA2016_PMT\AAAAADataForISSTA\test_9ASE\AICE_arffs\clojure-maven-plugin.arff,0.984206857,8.20E-04,0.981702466,0.028639618,0.982685153,0.001594782,0.992037492,0.5
D:\experimental data\ISSTA2016_PMT\AAAAADataForISSTA\test_9ASE\AICE_arffs\cloudhopper-smpp.arff,0.929558274,0.155451668,0.922587487,0.394273595,0.923269788,0.222985888,0.950957719,0.5
D:\experimental data\ISSTA2016_PMT\AAAAADataForISSTA\test_9ASE\AICE_arffs\compress.arff,0.881124756,0.250421407,0.861204718,0.50042123,0.859351428,0.333801472,0.901876852,0.5
D:\experimental data\ISSTA2016_PMT\AAAAADataForISSTA\test_9ASE\AICE_arffs\computoser.arff,0.983179743,0.001411167,0.971946796,0.037565498,0.975402805,0.002720149,0.988146918,0.5
D:\experimental data\ISSTA2016_PMT\AAAAADataForISSTA\test_9ASE\AICE_arffs\Confucius.arff,0.9609657,0.379069589,0.960784314,0.615686275,0.960622457,0.469236627,0.963887625,0.5
D:\experimental data\ISSTA2016_PMT\AAAAADataForISSTA\test_9ASE\AICE_arffs\cors-filter.arff,0.727898032,0.66830625,0.805,0.8175,0.745170021,0.735412655,0.667944368,0.5
D:\experimental data\ISSTA2016_PMT\AAAAADataForISSTA\test_9ASE\AICE_arffs\crawler4j.arff,0.984330706,0.003600818,0.979202182,0.060006819,0.980582497,0.006793953,0.990105764,0.5
D:\experimental data\ISSTA2016_PMT\AAAAADataForISSTA\test_9ASE\AICE_arffs\css-selectors.arff,0.924849671,0.415321452,0.91726297,0.644454383,0.914594828,0.505117632,0.922781175,0.5
D:\experimental data\ISSTA2016_PMT\AAAAADataForISSTA\test_9ASE\AICE_arffs\csv-serde.arff,0.874873402,0.240991736,0.872727273,0.490909091,0.872643098,0.323281596,0.959986772,0.5
D:\experimental data\ISSTA2016_PMT\AAAAADataForISSTA\test_9ASE\AICE_arffs\cucumber-reporting.arff,0.9019305,0.1274862,0.867005506,0.357052097,0.869769143,0.187886965,0.941312229,0.5
D:\experimental data\ISSTA2016_PMT\AAAAADataForISSTA\test_9ASE\AICE_arffs\ddd-cqrs-sample.arff,0.970065972,0.361589243,0.969933854,0.60132291,0.969852481,0.451613151,0.981764706,0.5
D:\experimental data\ISSTA2016_PMT\AAAAADataForISSTA\test_9ASE\AICE_arffs\DiskLruCache.arff,0.834971471,0.564669718,0.831213873,0.751445087,0.806318819,0.644804365,0.747422193,0.5
D:\experimental data\ISSTA2016_PMT\AAAAADataForISSTA\test_9ASE\AICE_arffs\dropwizard-configurable-assets-bundle.arff,0.948603525,0.046460812,0.93639576,0.215547703,0.938894098,0.076444244,0.963963964,0.5
D:\experimental data\ISSTA2016_PMT\AAAAADataForISSTA\test_9ASE\AICE_arffs\dropwizard-guice.arff,0.729901371,0.358250306,0.715328467,0.598540146,0.690749684,0.448221844,0.767904656,0.5
D:\experimental data\ISSTA2016_PMT\AAAAADataForISSTA\test_9ASE\AICE_arffs\dropwizard-quartz.arff,0.871794872,0.694444444,0.848484848,0.833333333,0.791666667,0.757575758,0.652066116,0.5
D:\experimental data\ISSTA2016_PMT\AAAAADataForISSTA\test_9ASE\AICE_arffs\efflux.arff,0.913644909,0.106592757,0.889064475,0.326485461,0.892015499,0.160714549,0.950681787,0.5
D:\experimental data\ISSTA2016_PMT\AAAAADataForISSTA\test_9ASE\AICE_arffs\elasticsearch-readonlyrest-plugin.arff,0.894211266,0.281394124,0.885304659,0.53046595,0.884015239,0.367723469,0.926655663,0.5
D:\experimental data\ISSTA2016_PMT\AAAAADataForISSTA\test_9ASE\AICE_arffs\elasticsearch-reindex.arff,0.946646463,0.039111139,0.92849162,0.197765363,0.932207007,0.065306846,0.969001306,0.5
D:\experimental data\ISSTA2016_PMT\AAAAADataForISSTA\test_9ASE\AICE_arffs\evernote-sdk-java.arff,0.999190211,4.31E-06,0.998866304,0.002075782,0.998970876,8.60E-06,0.999715371,0.5
D:\experimental data\ISSTA2016_PMT\AAAAADataForISSTA\test_9ASE\AICE_arffs\evo-inflector.arff,0.97644122,0.228932488,0.976076555,0.4784689,0.976056773,0.309688608,0.996146789,0.5
D:\experimental data\ISSTA2016_PMT\AAAAADataForISSTA\test_9ASE\AICE_arffs\ews-java-api.arff,0.984322758,0.002038027,0.977427742,0.045144515,0.979431128,0.003899991,0.988828315,0.5
D:\experimental data\ISSTA2016_PMT\AAAAADataForISSTA\test_9ASE\AICE_arffs\exp4j.arff,0.964548028,0.330137891,0.962711864,0.574576271,0.962472466,0.419335535,0.96947314,0.5
D:\experimental data\ISSTA2016_PMT\AAAAADataForISSTA\test_9ASE\AICE_arffs\expiringmap.arff,0.970324781,0.020142694,0.962479608,0.141924959,0.964250561,0.03527849,0.984637909,0.5
D:\experimental data\ISSTA2016_PMT\AAAAADataForISSTA\test_9ASE\AICE_arffs\fastweixin.arff,0.986778361,7.59E-04,0.979763912,0.027543564,0.982046833,0.001476624,0.990690987,0.5
D:\experimental data\ISSTA2016_PMT\AAAAADataForISSTA\test_9ASE\AICE_arffs\flip-tables.arff,0.886396152,0.869240771,0.883458647,0.932330827,0.884915811,0.899681109,0.629480287,0.5
D:\experimental data\ISSTA2016_PMT\AAAAADataForISSTA\test_9ASE\AICE_arffs\gdx-artemis.arff,0.894255374,0.283531545,0.874375446,0.532476802,0.871663802,0.370030456,0.899058526,0.5
D:\experimental data\ISSTA2016_PMT\AAAAADataForISSTA\test_9ASE\AICE_arffs\gelfj.arff,0.862357792,0.099067745,0.782810685,0.31475029,0.79040614,0.150701994,0.869644756,0.5
D:\experimental data\ISSTA2016_PMT\AAAAADataForISSTA\test_9ASE\AICE_arffs\GenericTree.arff,0.924095189,0.664189097,0.916299559,0.814977974,0.906110516,0.731897695,0.93951094,0.5
D:\experimental data\ISSTA2016_PMT\AAAAADataForISSTA\test_9ASE\AICE_arffs\geo.arff,0.884138334,0.52892562,0.881818182,0.727272727,0.874537227,0.612440191,0.852356771,0.5
D:\experimental data\ISSTA2016_PMT\AAAAADataForISSTA\test_9ASE\AICE_arffs\geocluster-facet.arff,0.918635764,0.236769865,0.902298851,0.486590038,0.901618836,0.318540901,0.950552356,0.5
D:\experimental data\ISSTA2016_PMT\AAAAADataForISSTA\test_9ASE\AICE_arffs\geohash-java.arff,0.857344358,0.570659458,0.837398374,0.755420054,0.80741625,0.650168553,0.774176118,0.5
D:\experimental data\ISSTA2016_PMT\AAAAADataForISSTA\test_9ASE\AICE_arffs\geoip-api-java.arff,0.970013143,0.010675236,0.959766694,0.103321033,0.962419789,0.019351097,0.982396121,0.5
D:\experimental data\ISSTA2016_PMT\AAAAADataForISSTA\test_9ASE\AICE_arffs\geojson-jackson.arff,0.933910307,0.203954214,0.922580645,0.451612903,0.922696697,0.281003584,0.95796354,0.5
D:\experimental data\ISSTA2016_PMT\AAAAADataForISSTA\test_9ASE\AICE_arffs\getdown.arff,0.994726296,2.93E-04,0.9923771,0.017112632,0.993056542,5.76E-04,0.997409278,0.5
D:\experimental data\ISSTA2016_PMT\AAAAADataForISSTA\test_9ASE\AICE_arffs\glacieruploader.arff,0.913746898,0.101473075,0.88172043,0.318548387,0.885360557,0.153916346,0.895500961,0.5
D:\experimental data\ISSTA2016_PMT\AAAAADataForISSTA\test_9ASE\AICE_arffs\greplin-bloom-filter.arff,0.785028714,0.343038641,0.750337382,0.585695007,0.728626625,0.432666609,0.780058992,0.5
D:\experimental data\ISSTA2016_PMT\AAAAADataForISSTA\test_9ASE\AICE_arffs\greplin-lucene-utils.arff,0.972999651,0.022069705,0.971175166,0.148558758,0.971726779,0.038430258,0.99055115,0.5
D:\experimental data\ISSTA2016_PMT\AAAAADataForISSTA\test_9ASE\AICE_arffs\greplin-zookeeper-utils.arff,0.847432989,0.33494017,0.803149606,0.578740157,0.788503371,0.424313233,0.813274843,0.5
D:\experimental data\ISSTA2016_PMT\AAAAADataForISSTA\test_9ASE\AICE_arffs\gson-fire.arff,0.854829872,0.272061015,0.810631229,0.521594684,0.802674891,0.357599849,0.869274584,0.5
D:\experimental data\ISSTA2016_PMT\AAAAADataForISSTA\test_9ASE\AICE_arffs\gwt-bootstrap.arff,0.999843579,4.14E-06,0.999843554,0.002033792,0.999840432,8.26E-06,1,0.5
D:\experimental data\ISSTA2016_PMT\AAAAADataForISSTA\test_9ASE\AICE_arffs\hadoop-book.arff,0.990520916,3.24E-04,0.984912652,0.017998941,0.986802011,6.36E-04,0.993094974,0.5
D:\experimental data\ISSTA2016_PMT\AAAAADataForISSTA\test_9ASE\AICE_arffs\hashids-java.arff,0.942003389,0.454222907,0.93654267,0.673960613,0.934548667,0.542692467,0.94219036,0.5
D:\experimental data\ISSTA2016_PMT\AAAAADataForISSTA\test_9ASE\AICE_arffs\HTTP-Proxy-Servlet.arff,0.987331676,0.013468568,0.986460348,0.116054159,0.986693903,0.024136047,0.996462436,0.5
D:\experimental data\ISSTA2016_PMT\AAAAADataForISSTA\test_9ASE\AICE_arffs\IClojure.arff,0.987793443,0.006871766,0.987408185,0.082896118,0.987549199,0.01269146,0.996876491,0.5
D:\experimental data\ISSTA2016_PMT\AAAAADataForISSTA\test_9ASE\AICE_arffs\invokebinder.arff,0.935368399,0.167813465,0.933530281,0.409650419,0.933805017,0.238092314,0.966029178,0.5
D:\experimental data\ISSTA2016_PMT\AAAAADataForISSTA\test_9ASE\AICE_arffs\jackson-dataformat-csv.arff,0.928763478,0.091047727,0.912942021,0.30174116,0.915311836,0.13988607,0.959246141,0.5
D:\experimental data\ISSTA2016_PMT\AAAAADataForISSTA\test_9ASE\AICE_arffs\jackson-datatype-guava.arff,0.898127498,0.187132655,0.870944484,0.43258832,0.871128053,0.261251124,0.933915714,0.5
D:\experimental data\ISSTA2016_PMT\AAAAADataForISSTA\test_9ASE\AICE_arffs\jackson-datatype-joda.arff,0.888434475,0.237702948,0.861111111,0.487547893,0.85915115,0.319590312,0.86281145,0.5
D:\experimental data\ISSTA2016_PMT\AAAAADataForISSTA\test_9ASE\AICE_arffs\jackson-module-afterburner.arff,0.866518862,0.329626872,0.836945304,0.574131407,0.828821407,0.418804772,0.846552132,0.5
D:\experimental data\ISSTA2016_PMT\AAAAADataForISSTA\test_9ASE\AICE_arffs\JActor.arff,0.843652198,0.153844825,0.784461153,0.392230576,0.785578952,0.221004807,0.856381542,0.5
D:\experimental data\ISSTA2016_PMT\AAAAADataForISSTA\test_9ASE\AICE_arffs\JAdventure.arff,0.975172956,0.004490851,0.961059543,0.06701381,0.964993243,0.008417606,0.989976357,0.5
D:\experimental data\ISSTA2016_PMT\AAAAADataForISSTA\test_9ASE\AICE_arffs\java-grok.arff,0.956127596,0.09584784,0.950581395,0.309593023,0.951401269,0.146378055,0.972270818,0.5
D:\experimental data\ISSTA2016_PMT\AAAAADataForISSTA\test_9ASE\AICE_arffs\java-jwt.arff,0.916992581,0.701236037,0.907859079,0.837398374,0.892047623,0.763292323,0.806472492,0.5
D:\experimental data\ISSTA2016_PMT\AAAAADataForISSTA\test_9ASE\AICE_arffs\java-libpst.arff,0.952371169,0.020914132,0.930624817,0.14461719,0.935769969,0.036543452,0.964383224,0.5
D:\experimental data\ISSTA2016_PMT\AAAAADataForISSTA\test_9ASE\AICE_arffs\java-merge-sort.arff,0.911791733,0.079957171,0.878640777,0.28276699,0.883583743,0.124663593,0.9277031,0.5
D:\experimental data\ISSTA2016_PMT\AAAAADataForISSTA\test_9ASE\AICE_arffs\java-sizeof.arff,0.972960175,0.017098086,0.96886675,0.130759651,0.969943514,0.03024177,0.987692728,0.5
D:\experimental data\ISSTA2016_PMT\AAAAADataForISSTA\test_9ASE\AICE_arffs\java-uuid-generator.arff,0.953266362,0.056440576,0.943352601,0.237572254,0.945180084,0.091211767,0.975417305,0.5
D:\experimental data\ISSTA2016_PMT\AAAAADataForISSTA\test_9ASE\AICE_arffs\javacpp.arff,0.99029217,0.001068507,0.98819177,0.032688019,0.988849405,0.00206937,0.995153323,0.5
D:\experimental data\ISSTA2016_PMT\AAAAADataForISSTA\test_9ASE\AICE_arffs\javapoet.arff,0.899614006,0.404534841,0.888244275,0.636030534,0.883566978,0.49453214,0.864387033,0.5
D:\experimental data\ISSTA2016_PMT\AAAAADataForISSTA\test_9ASE\AICE_arffs\javatuples.arff,0.973431181,0.002395577,0.96665647,0.048944631,0.969092104,0.004567595,0.983264313,0.5
D:\experimental data\ISSTA2016_PMT\AAAAADataForISSTA\test_9ASE\AICE_arffs\JavaVerbalExpressions.arff,0.934642927,0.693644163,0.933717579,0.832853026,0.928280747,0.75690102,0.913733445,0.5
D:\experimental data\ISSTA2016_PMT\AAAAADataForISSTA\test_9ASE\AICE_arffs\jenkins-ansicolor-plugin.arff,0.900624942,0.201539147,0.883610451,0.448931116,0.8836643,0.278190102,0.918742018,0.5
D:\experimental data\ISSTA2016_PMT\AAAAADataForISSTA\test_9ASE\AICE_arffs\jenkins-sonar-plugin.arff,1,0.339841943,1,0.582959641,1,0.429375373,1,0.5
D:\experimental data\ISSTA2016_PMT\AAAAADataForISSTA\test_9ASE\AICE_arffs\jetty-session-redis.arff,0.940382167,0.024475371,0.908115766,0.156446064,0.915686565,0.042328599,0.957642358,0.5
D:\experimental data\ISSTA2016_PMT\AAAAADataForISSTA\test_9ASE\AICE_arffs\jieba-analysis.arff,0.886205494,0.030504282,0.673436231,0.174654752,0.712060121,0.051937444,0.854140725,0.5
D:\experimental data\ISSTA2016_PMT\AAAAADataForISSTA\test_9ASE\AICE_arffs\jInstagram.arff,0.98560734,0.00604766,0.983050847,0.0777667,0.983724957,0.011222576,0.993071726,0.5
D:\experimental data\ISSTA2016_PMT\AAAAADataForISSTA\test_9ASE\AICE_arffs\jitescript.arff,0.941646138,0.050060038,0.930215827,0.223741007,0.93271404,0.08181476,0.971587066,0.5
D:\experimental data\ISSTA2016_PMT\AAAAADataForISSTA\test_9ASE\AICE_arffs\jmeter-maven-plugin.arff,0.975065968,0.120395027,0.973825503,0.346979866,0.97399459,0.17876292,0.983145854,0.5
D:\experimental data\ISSTA2016_PMT\AAAAADataForISSTA\test_9ASE\AICE_arffs\jmxutils.arff,0.961340238,0.178557778,0.957926829,0.422560976,0.958121589,0.251037082,0.974005521,0.5
D:\experimental data\ISSTA2016_PMT\AAAAADataForISSTA\test_9ASE\AICE_arffs\joss.arff,0.862443332,0.248607394,0.824715726,0.498605449,0.820128949,0.331784986,0.862990289,0.5
D:\experimental data\ISSTA2016_PMT\AAAAADataForISSTA\test_9ASE\AICE_arffs\jPopulator.arff,0.89458705,0.170717643,0.861924686,0.413179916,0.862660691,0.241607797,0.916351903,0.5
D:\experimental data\ISSTA2016_PMT\AAAAADataForISSTA\test_9ASE\AICE_arffs\jprotobuf.arff,0.88416512,0.038052826,0.739818418,0.195071336,0.766749477,0.063682937,0.885744662,0.5
D:\experimental data\ISSTA2016_PMT\AAAAADataForISSTA\test_9ASE\AICE_arffs\jreversepro.arff,0.926496322,0.015971262,0.825359185,0.126377459,0.851326092,0.028358632,0.950353419,0.5
D:\experimental data\ISSTA2016_PMT\AAAAADataForISSTA\test_9ASE\AICE_arffs\jsemver.arff,0.943996943,0.742991946,0.946081955,0.861969806,0.944058512,0.798070886,0.895108502,0.5
D:\experimental data\ISSTA2016_PMT\AAAAADataForISSTA\test_9ASE\AICE_arffs\jsonrpc4j.arff,0.952227369,0.039633135,0.942545246,0.199080724,0.944714261,0.066105866,0.975794789,0.5
D:\experimental data\ISSTA2016_PMT\AAAAADataForISSTA\test_9ASE\AICE_arffs\jtar.arff,0.746730141,0.235804163,0.680384088,0.485596708,0.6611645,0.317453803,0.737734518,0.5
D:\experimental data\ISSTA2016_PMT\AAAAADataForISSTA\test_9ASE\AICE_arffs\jumblr.arff,0.937248085,0.117531776,0.929273084,0.342829077,0.930354811,0.175050984,0.958195742,0.5
D:\experimental data\ISSTA2016_PMT\AAAAADataForISSTA\test_9ASE\AICE_arffs\kafka-spout.arff,0.870188302,0.665634103,0.858356941,0.815864023,0.822348245,0.733132101,0.792280983,0.5
D:\experimental data\ISSTA2016_PMT\AAAAADataForISSTA\test_9ASE\AICE_arffs\kafka-websocket.arff,0.993831713,0.038153452,0.993630573,0.195329087,0.99366901,0.06383757,0.997117701,0.5
D:\experimental data\ISSTA2016_PMT\AAAAADataForISSTA\test_9ASE\AICE_arffs\KeptCollections.arff,0.93207838,0.09602302,0.919574216,0.309875813,0.921454385,0.146613929,0.95938565,0.5
D:\experimental data\ISSTA2016_PMT\AAAAADataForISSTA\test_9ASE\AICE_arffs\kryo-serializers.arff,0.768540072,0.448623495,0.772983114,0.669793621,0.757442447,0.537340051,0.791254854,0.5
D:\experimental data\ISSTA2016_PMT\AAAAADataForISSTA\test_9ASE\AICE_arffs\la4j.arff,0.951380177,0.224046165,0.948305624,0.47333515,0.948333351,0.30413469,0.9815439,0.5
D:\experimental data\ISSTA2016_PMT\AAAAADataForISSTA\test_9ASE\AICE_arffs\LastCalc.arff,0.920377461,0.086675159,0.897247063,0.294406453,0.900653074,0.133922632,0.948423093,0.5
D:\experimental data\ISSTA2016_PMT\AAAAADataForISSTA\test_9ASE\AICE_arffs\linq4j.arff,0.957815374,0.049582525,0.952034492,0.222671337,0.953289703,0.081105237,0.978419512,0.5
D:\experimental data\ISSTA2016_PMT\AAAAADataForISSTA\test_9ASE\AICE_arffs\Liqp.arff,0.892073261,0.416313024,0.87950072,0.645223236,0.873559372,0.506086973,0.890401662,0.5
D:\experimental data\ISSTA2016_PMT\AAAAADataForISSTA\test_9ASE\AICE_arffs\log-synth.arff,0.863913409,0.200960384,0.829196217,0.448286052,0.828114085,0.277514769,0.897791385,0.5
D:\experimental data\ISSTA2016_PMT\AAAAADataForISSTA\test_9ASE\AICE_arffs\log4j-jsonevent-layout.arff,0.983471074,0.887644287,0.983471074,0.94214876,0.983471074,0.914084755,0.968045113,0.5
D:\experimental data\ISSTA2016_PMT\AAAAADataForISSTA\test_9ASE\AICE_arffs\low-gc-membuffers.arff,0.913048884,0.30209163,0.903781229,0.549628629,0.902372941,0.389889067,0.925411224,0.5
D:\experimental data\ISSTA2016_PMT\AAAAADataForISSTA\test_9ASE\AICE_arffs\maven-git-commit-id-plugin.arff,0.9140997,0.165693234,0.89227836,0.407054337,0.893197006,0.235517889,0.942482891,0.5
D:\experimental data\ISSTA2016_PMT\AAAAADataForISSTA\test_9ASE\AICE_arffs\maven-s3-wagon.arff,0.997931662,4.45E-06,0.894514768,0.002109705,0.942285595,8.88E-06,0.898520085,0.5
D:\experimental data\ISSTA2016_PMT\AAAAADataForISSTA\test_9ASE\AICE_arffs\metrics-statsd.arff,0.989937107,3.56E-04,0.978436658,0.018867925,0.982237469,6.99E-04,0.999411303,0.5
D:\experimental data\ISSTA2016_PMT\AAAAADataForISSTA\test_9ASE\AICE_arffs\microorm.arff,0.986666667,0.928011111,0.986666667,0.963333333,0.986666667,0.945342388,0.93095313,0.5
D:\experimental data\ISSTA2016_PMT\AAAAADataForISSTA\test_9ASE\AICE_arffs\mimecraft.arff,0.916383686,0.665692127,0.912133891,0.815899582,0.902077283,0.733181652,0.873659674,0.5
D:\experimental data\ISSTA2016_PMT\AAAAADataForISSTA\test_9ASE\AICE_arffs\multi-thread-context.arff,0.986473682,0.285088348,0.986425339,0.533936652,0.986429246,0.371708111,0.991278591,0.5
D:\experimental data\ISSTA2016_PMT\AAAAADataForISSTA\test_9ASE\AICE_arffs\nar-maven-plugin.arff,0.973873538,0.004716601,0.960230223,0.068677514,0.964094529,0.008826986,0.98671572,0.5
D:\experimental data\ISSTA2016_PMT\AAAAADataForISSTA\test_9ASE\AICE_arffs\netty-in-action.arff,0.98150348,0.005510557,0.976687117,0.074233129,0.97799024,0.010259519,0.992715881,0.5
D:\experimental data\ISSTA2016_PMT\AAAAADataForISSTA\test_9ASE\AICE_arffs\netty-tools.arff,0.926900988,0.083071086,0.914786967,0.288220551,0.917002451,0.128970286,0.955205144,0.5
D:\experimental data\ISSTA2016_PMT\AAAAADataForISSTA\test_9ASE\AICE_arffs\obd-java-api.arff,0.903721189,0.210069444,0.883064516,0.458333333,0.882739187,0.288095238,0.942280404,0.5
D:\experimental data\ISSTA2016_PMT\AAAAADataForISSTA\test_9ASE\AICE_arffs\parsii.arff,0.86379522,0.290256046,0.827389444,0.538754161,0.820199376,0.377261103,0.847715216,0.5
D:\experimental data\ISSTA2016_PMT\AAAAADataForISSTA\test_9ASE\AICE_arffs\patricia-trie.arff,0.907446964,0.17798953,0.890142022,0.421888053,0.890784069,0.2503566,0.933115585,0.5
D:\experimental data\ISSTA2016_PMT\AAAAADataForISSTA\test_9ASE\AICE_arffs\PauselessHashMap.arff,0.785290791,0.355000061,0.7514518,0.595818815,0.728046845,0.44491274,0.731289362,0.5
D:\experimental data\ISSTA2016_PMT\AAAAADataForISSTA\test_9ASE\AICE_arffs\photon-core.arff,0.903903016,0.078904179,0.853932584,0.280898876,0.860747048,0.123201262,0.954375,0.5
D:\experimental data\ISSTA2016_PMT\AAAAADataForISSTA\test_9ASE\AICE_arffs\pollexor.arff,0.988987168,0.077288614,0.988934993,0.278008299,0.988951763,0.120951662,0.997502907,0.5
D:\experimental data\ISSTA2016_PMT\AAAAADataForISSTA\test_9ASE\AICE_arffs\proguard-maven-plugin.arff,0.984566851,0.002677694,0.978007762,0.051746442,0.979805908,0.005091901,0.992513643,0.5
D:\experimental data\ISSTA2016_PMT\AAAAADataForISSTA\test_9ASE\AICE_arffs\protoparser.arff,0.979531659,0.22738935,0.978923598,0.476853594,0.978934181,0.307937566,0.987048656,0.5
D:\experimental data\ISSTA2016_PMT\AAAAADataForISSTA\test_9ASE\AICE_arffs\pusher-websocket-java.arff,0.94799114,0.191981409,0.940986257,0.438156831,0.941212433,0.266982577,0.971330537,0.5
D:\experimental data\ISSTA2016_PMT\AAAAADataForISSTA\test_9ASE\AICE_arffs\raml-java-parser.arff,0.917677961,0.284496619,0.903338225,0.533382245,0.901807789,0.37107071,0.924257637,0.5
D:\experimental data\ISSTA2016_PMT\AAAAADataForISSTA\test_9ASE\AICE_arffs\redline-smalltalk.arff,0.883543277,0.109226063,0.843162953,0.330493665,0.847685934,0.164188775,0.918781006,0.5
D:\experimental data\ISSTA2016_PMT\AAAAADataForISSTA\test_9ASE\AICE_arffs\redline.arff,0.890229455,0.092634043,0.836620404,0.304358412,0.842979416,0.142037713,0.898958701,0.5
D:\experimental data\ISSTA2016_PMT\AAAAADataForISSTA\test_9ASE\AICE_arffs\RestFixture.arff,0.947475163,0.133122782,0.938886868,0.364859949,0.93969715,0.195071711,0.965924087,0.5
D:\experimental data\ISSTA2016_PMT\AAAAADataForISSTA\test_9ASE\AICE_arffs\rome.arff,0.88418469,0.139900301,0.839311021,0.374032487,0.84175658,0.203634634,0.904612825,0.5
D:\experimental data\ISSTA2016_PMT\AAAAADataForISSTA\test_9ASE\AICE_arffs\rtree.arff,0.874746943,0.431816068,0.867914144,0.657127133,0.861868945,0.521162269,0.85840876,0.5
D:\experimental data\ISSTA2016_PMT\AAAAADataForISSTA\test_9ASE\AICE_arffs\SansOrm.arff,0.998803419,2.37E-06,0.994615385,0.001538462,0.996321392,4.73E-06,1,0.5
D:\experimental data\ISSTA2016_PMT\AAAAADataForISSTA\test_9ASE\AICE_arffs\scribe-java.arff,0.933100967,0.086270975,0.917487685,0.293719212,0.919848093,0.133368933,0.964726138,0.5
D:\experimental data\ISSTA2016_PMT\AAAAADataForISSTA\test_9ASE\AICE_arffs\scrypt.arff,0.901237062,0.66397991,0.905075188,0.814849624,0.898557951,0.731718927,0.866386806,0.5
D:\experimental data\ISSTA2016_PMT\AAAAADataForISSTA\test_9ASE\AICE_arffs\skype-java-api.arff,0.985617149,0.007726439,0.983360463,0.087900163,0.983939537,0.014204316,0.993633558,0.5
D:\experimental data\ISSTA2016_PMT\AAAAADataForISSTA\test_9ASE\AICE_arffs\sonar-objective-c.arff,0.952578781,0.055652651,0.945720251,0.235908142,0.947164388,0.090059527,0.978658905,0.5
D:\experimental data\ISSTA2016_PMT\AAAAADataForISSTA\test_9ASE\AICE_arffs\spatial4j.arff,0.923459514,0.148688336,0.907278481,0.385601266,0.908447445,0.214619227,0.937919963,0.5
D:\experimental data\ISSTA2016_PMT\AAAAADataForISSTA\test_9ASE\AICE_arffs\spr-mvc-hib.arff,0.970228091,0.001129864,0.739495798,0.033613445,0.822738991,0.00218624,0.895652174,0.5
D:\experimental data\ISSTA2016_PMT\AAAAADataForISSTA\test_9ASE\AICE_arffs\spring-data-commons.arff,0.882939524,0.308477432,0.859770728,0.555407447,0.855155839,0.396651608,0.903325525,0.5
D:\experimental data\ISSTA2016_PMT\AAAAADataForISSTA\test_9ASE\AICE_arffs\spring-data-envers.arff,0.987654321,0.428135955,0.987654321,0.654320988,0.987654321,0.517597199,0.982479784,0.5
D:\experimental data\ISSTA2016_PMT\AAAAADataForISSTA\test_9ASE\AICE_arffs\spring-elasticsearch.arff,0.876340649,0.141330771,0.828947368,0.37593985,0.83138084,0.205431612,0.886995482,0.5
D:\experimental data\ISSTA2016_PMT\AAAAADataForISSTA\test_9ASE\AICE_arffs\spring-mvc-showcase.arff,0.916218616,0.603236618,0.908045977,0.776683087,0.899139935,0.679059335,0.817727532,0.5
D:\experimental data\ISSTA2016_PMT\AAAAADataForISSTA\test_9ASE\AICE_arffs\spring-rest-service-oauth.arff,0.897562956,0.642886129,0.855855856,0.801801802,0.866089842,0.713603604,0.982635342,0.5
D:\experimental data\ISSTA2016_PMT\AAAAADataForISSTA\test_9ASE\AICE_arffs\spring-retry.arff,0.893375974,0.329860575,0.873761085,0.574334898,0.869433236,0.41904753,0.906899713,0.5
D:\experimental data\ISSTA2016_PMT\AAAAADataForISSTA\test_9ASE\AICE_arffs\stateless4j.arff,0.916030813,0.234280742,0.904153355,0.484025559,0.9037453,0.315736802,0.951843791,0.5
D:\experimental data\ISSTA2016_PMT\AAAAADataForISSTA\test_9ASE\AICE_arffs\statsd-jvm-profiler.arff,0.960496599,0.131795358,0.95709571,0.363036304,0.957487977,0.193384956,0.965467499,0.5
D:\experimental data\ISSTA2016_PMT\AAAAADataForISSTA\test_9ASE\AICE_arffs\storm-elastic-search.arff,0.996875,1.53E-05,0.984375,0.00390625,0.989521574,3.04E-05,0.98627451,0.5
D:\experimental data\ISSTA2016_PMT\AAAAADataForISSTA\test_9ASE\AICE_arffs\storm-jms.arff,0.989587791,0.001558172,0.989473684,0.039473684,0.98869265,0.002998001,1,0.5
D:\experimental data\ISSTA2016_PMT\AAAAADataForISSTA\test_9ASE\AICE_arffs\storm-pattern.arff,0.928414377,0.132740085,0.917755573,0.364335127,0.918929113,0.194585747,0.953471701,0.5
D:\experimental data\ISSTA2016_PMT\AAAAADataForISSTA\test_9ASE\AICE_arffs\swagger-maven-plugin.arff,0.971809283,0.007989049,0.965677512,0.08938148,0.967499841,0.014667128,0.985339615,0.5
D:\experimental data\ISSTA2016_PMT\AAAAADataForISSTA\test_9ASE\AICE_arffs\TProfiler.arff,0.998904483,4.56E-04,0.998845266,0.021362587,0.998860119,8.94E-04,0.99996811,0.5
D:\experimental data\ISSTA2016_PMT\AAAAADataForISSTA\test_9ASE\AICE_arffs\urlbuilder.arff,0.898694652,0.662013142,0.884287454,0.8136419,0.862079334,0.730037326,0.769901374,0.5
D:\experimental data\ISSTA2016_PMT\AAAAADataForISSTA\test_9ASE\AICE_arffs\visualee.arff,0.926279562,0.039712404,0.885954382,0.199279712,0.89415905,0.066227091,0.946378091,0.5
D:\experimental data\ISSTA2016_PMT\AAAAADataForISSTA\test_9ASE\AICE_arffs\warcbase.arff,0.978215864,0.013689247,0.974023231,0.117001056,0.975047345,0.024510715,0.989392828,0.5
D:\experimental data\ISSTA2016_PMT\AAAAADataForISSTA\test_9ASE\AICE_arffs\webapp-runner.arff,0.997982022,0.002154213,0.997890295,0.046413502,0.997912568,0.004117327,0.999597747,0.5
D:\experimental data\ISSTA2016_PMT\AAAAADataForISSTA\test_9ASE\AICE_arffs\webbit.arff,0.930037025,0.145146015,0.922805988,0.380980335,0.923608929,0.210207215,0.952583137,0.5
D:\experimental data\ISSTA2016_PMT\AAAAADataForISSTA\test_9ASE\AICE_arffs\webprotege.arff,0.982352473,0.009002896,0.980332142,0.094883592,0.980911646,0.016445394,0.994504088,0.5
D:\experimental data\ISSTA2016_PMT\AAAAADataForISSTA\test_9ASE\AICE_arffs\wsc.arff,0.96026364,0.006880838,0.93252459,0.08295082,0.940565655,0.012707573,0.969994899,0.5
D:\experimental data\ISSTA2016_PMT\AAAAADataForISSTA\test_9ASE\AICE_arffs\wsdoc.arff,0.977265234,0.034919906,0.974116162,0.186868687,0.974745105,0.058843757,0.988929778,0.5
D:\experimental data\ISSTA2016_PMT\AAAAADataForISSTA\test_9ASE\AICE_arffs\xembly.arff,0.89368567,0.232070936,0.872655479,0.481737414,0.871535689,0.313241649,0.932617096,0.5
D:\experimental data\ISSTA2016_PMT\AAAAADataForISSTA\test_9ASE\AICE_arffs\xsoup.arff,0.955330628,0.125283249,0.951048951,0.353953739,0.951579769,0.185062821,0.975981895,0.5
D:\experimental data\ISSTA2016_PMT\AAAAADataForISSTA\test_9ASE\AICE_arffs\zt-exec.arff,0.9323202,0.034695058,0.903004292,0.186266094,0.909520498,0.058494562,0.965449941,0.5
D:\experimental data\ISSTA2016_PMT\AAAAADataForISSTA\test_9ASE\AICE_arffs\zt-zip.arff,0.906819126,0.066578371,0.860471725,0.258027849,0.867939316,0.105845623,0.924007225,0.5
