D:\experimental data\ISSTA2016_PMT\AAAAADataForISSTA\test_9ASE\AICE_arffs\aho-corasick.arff,naive,0.941718816,0.938016529,0.938535832,0.970351731,0.411157025,0.42768595,0.037190083,0.053719008,0.373966942
D:\experimental data\ISSTA2016_PMT\AAAAADataForISSTA\test_9ASE\AICE_arffs\anomaly-detection.arff,naive,0.959946595,0.887850467,0.910845606,0.957973422,0.174454829,0.174454829,0.112149533,0.112149533,0.062305296
D:\experimental data\ISSTA2016_PMT\AAAAADataForISSTA\test_9ASE\AICE_arffs\apk-parser.arff,naive,1,1,1,1,0.001231148,0.001231148,0,0,0.001231148
D:\experimental data\ISSTA2016_PMT\AAAAADataForISSTA\test_9ASE\AICE_arffs\appengine-guestbook-java.arff,naive,1,1,1,1,0.414634146,0.414634146,0,0,0.414634146
D:\experimental data\ISSTA2016_PMT\AAAAADataForISSTA\test_9ASE\AICE_arffs\are-we-consistent-yet.arff,naive,0.997903564,0.997641509,0.997709458,0.999098558,0.021226415,0.021226415,0.002358491,0.002358491,0.018867925
D:\experimental data\ISSTA2016_PMT\AAAAADataForISSTA\test_9ASE\AICE_arffs\ashot.arff,naive,0.856593577,0.826974268,0.817739728,0.862257806,0.732919255,0.768411713,0.155279503,0.190771961,0.577639752
D:\experimental data\ISSTA2016_PMT\AAAAADataForISSTA\test_9ASE\AICE_arffs\brickhouse.arff,naive,0.99167381,0.990207599,0.990638581,0.996931096,0.045697872,0.047525787,0.007703356,0.00953127,0.037994516
D:\experimental data\ISSTA2016_PMT\AAAAADataForISSTA\test_9ASE\AICE_arffs\byteunits.arff,naive,0.953917051,0.935483871,0.939569892,0.984615385,0.225806452,0.225806452,0.064516129,0.064516129,0.161290323
D:\experimental data\ISSTA2016_PMT\AAAAADataForISSTA\test_9ASE\AICE_arffs\cassandra-reaper.arff,naive,0.959869134,0.946269262,0.949521909,0.97907448,0.192011354,0.196877534,0.050486618,0.055352798,0.141524736
D:\experimental data\ISSTA2016_PMT\AAAAADataForISSTA\test_9ASE\AICE_arffs\chromecast-java-api-v2.arff,naive,0.87571666,0.817934783,0.826896944,0.899469754,0.434782609,0.466847826,0.157065217,0.189130435,0.277717391
D:\experimental data\ISSTA2016_PMT\AAAAADataForISSTA\test_9ASE\AICE_arffs\clojure-maven-plugin.arff,naive,0.984206857,0.981702466,0.982685153,0.992037492,0.035799523,0.042163882,0.007159905,0.013524264,0.028639618
D:\experimental data\ISSTA2016_PMT\AAAAADataForISSTA\test_9ASE\AICE_arffs\cloudhopper-smpp.arff,naive,0.929558274,0.922587487,0.923269788,0.950957719,0.449204666,0.46447508,0.054931071,0.070201485,0.394273595
D:\experimental data\ISSTA2016_PMT\AAAAADataForISSTA\test_9ASE\AICE_arffs\compress.arff,naive,0.881124756,0.861204718,0.859351428,0.901876852,0.614785173,0.634582982,0.114363943,0.134161752,0.50042123
D:\experimental data\ISSTA2016_PMT\AAAAADataForISSTA\test_9ASE\AICE_arffs\computoser.arff,naive,0.983179743,0.971946796,0.975402805,0.988146918,0.064006449,0.066021765,0.026440951,0.028456268,0.037565498
D:\experimental data\ISSTA2016_PMT\AAAAADataForISSTA\test_9ASE\AICE_arffs\Confucius.arff,naive,0.9609657,0.960784314,0.960622457,0.963887625,0.631372549,0.643137255,0.015686275,0.02745098,0.615686275
D:\experimental data\ISSTA2016_PMT\AAAAADataForISSTA\test_9ASE\AICE_arffs\cors-filter.arff,naive,0.727898032,0.805,0.745170021,0.667944368,0.9675,1,0.15,0.1825,0.8175
D:\experimental data\ISSTA2016_PMT\AAAAADataForISSTA\test_9ASE\AICE_arffs\crawler4j.arff,naive,0.984330706,0.979202182,0.980582497,0.990105764,0.080122741,0.081486533,0.020115922,0.021479714,0.060006819
D:\experimental data\ISSTA2016_PMT\AAAAADataForISSTA\test_9ASE\AICE_arffs\css-selectors.arff,naive,0.924849671,0.91726297,0.914594828,0.922781175,0.720930233,0.725402504,0.07647585,0.080948122,0.644454383
D:\experimental data\ISSTA2016_PMT\AAAAADataForISSTA\test_9ASE\AICE_arffs\csv-serde.arff,naive,0.874873402,0.872727273,0.872643098,0.959986772,0.527272727,0.609090909,0.036363636,0.118181818,0.490909091
D:\experimental data\ISSTA2016_PMT\AAAAADataForISSTA\test_9ASE\AICE_arffs\cucumber-reporting.arff,naive,0.9019305,0.867005506,0.869769143,0.941312229,0.487505294,0.489623041,0.130453198,0.132570945,0.357052097
D:\experimental data\ISSTA2016_PMT\AAAAADataForISSTA\test_9ASE\AICE_arffs\ddd-cqrs-sample.arff,naive,0.970065972,0.969933854,0.969852481,0.981764706,0.613349369,0.622970535,0.012026458,0.021647625,0.60132291
D:\experimental data\ISSTA2016_PMT\AAAAADataForISSTA\test_9ASE\AICE_arffs\DiskLruCache.arff,naive,0.834971471,0.831213873,0.806318819,0.747422193,0.887861272,0.912138728,0.136416185,0.160693642,0.751445087
D:\experimental data\ISSTA2016_PMT\AAAAADataForISSTA\test_9ASE\AICE_arffs\dropwizard-configurable-assets-bundle.arff,naive,0.948603525,0.93639576,0.938894098,0.963963964,0.272084806,0.275618375,0.056537102,0.060070671,0.215547703
D:\experimental data\ISSTA2016_PMT\AAAAADataForISSTA\test_9ASE\AICE_arffs\dropwizard-guice.arff,naive,0.729901371,0.715328467,0.690749684,0.767904656,0.788321168,0.861313869,0.189781022,0.262773723,0.598540146
D:\experimental data\ISSTA2016_PMT\AAAAADataForISSTA\test_9ASE\AICE_arffs\dropwizard-quartz.arff,naive,0.871794872,0.848484848,0.791666667,0.652066116,0.984848485,0.984848485,0.151515152,0.151515152,0.833333333
D:\experimental data\ISSTA2016_PMT\AAAAADataForISSTA\test_9ASE\AICE_arffs\efflux.arff,naive,0.913644909,0.889064475,0.892015499,0.950681787,0.428571429,0.43710493,0.102085967,0.110619469,0.326485461
D:\experimental data\ISSTA2016_PMT\AAAAADataForISSTA\test_9ASE\AICE_arffs\elasticsearch-readonlyrest-plugin.arff,naive,0.894211266,0.885304659,0.884015239,0.926655663,0.609318996,0.630824373,0.078853047,0.100358423,0.53046595
D:\experimental data\ISSTA2016_PMT\AAAAADataForISSTA\test_9ASE\AICE_arffs\elasticsearch-reindex.arff,naive,0.946646463,0.92849162,0.932207007,0.969001306,0.267039106,0.268156425,0.069273743,0.070391061,0.197765363
D:\experimental data\ISSTA2016_PMT\AAAAADataForISSTA\test_9ASE\AICE_arffs\evernote-sdk-java.arff,naive,0.999190211,0.998866304,0.998970876,0.999715371,0.003017868,0.003385121,9.42E-04,0.001309339,0.002075782
D:\experimental data\ISSTA2016_PMT\AAAAADataForISSTA\test_9ASE\AICE_arffs\evo-inflector.arff,naive,0.97644122,0.976076555,0.976056773,0.996146789,0.464114833,0.483253589,-0.014354067,0.004784689,0.4784689
D:\experimental data\ISSTA2016_PMT\AAAAADataForISSTA\test_9ASE\AICE_arffs\ews-java-api.arff,naive,0.984322758,0.977427742,0.979431128,0.988828315,0.066134077,0.067302257,0.020989562,0.022157742,0.045144515
D:\experimental data\ISSTA2016_PMT\AAAAADataForISSTA\test_9ASE\AICE_arffs\exp4j.arff,naive,0.964548028,0.962711864,0.962472466,0.96947314,0.608474576,0.610169492,0.033898305,0.03559322,0.574576271
D:\experimental data\ISSTA2016_PMT\AAAAADataForISSTA\test_9ASE\AICE_arffs\expiringmap.arff,naive,0.970324781,0.962479608,0.964250561,0.984637909,0.179445351,0.179445351,0.037520392,0.037520392,0.141924959
D:\experimental data\ISSTA2016_PMT\AAAAADataForISSTA\test_9ASE\AICE_arffs\fastweixin.arff,naive,0.986778361,0.979763912,0.982046833,0.990690987,0.04440697,0.049465992,0.016863406,0.021922428,0.027543564
D:\experimental data\ISSTA2016_PMT\AAAAADataForISSTA\test_9ASE\AICE_arffs\flip-tables.arff,naive,0.886396152,0.883458647,0.884915811,0.629480287,0.928571429,0.992481203,-0.003759398,0.060150376,0.932330827
D:\experimental data\ISSTA2016_PMT\AAAAADataForISSTA\test_9ASE\AICE_arffs\gdx-artemis.arff,naive,0.894255374,0.874375446,0.871663802,0.899058526,0.648108494,0.656673804,0.115631692,0.124197002,0.532476802
D:\experimental data\ISSTA2016_PMT\AAAAADataForISSTA\test_9ASE\AICE_arffs\gelfj.arff,naive,0.862357792,0.782810685,0.79040614,0.869644756,0.518002323,0.542392567,0.203252033,0.227642276,0.31475029
D:\experimental data\ISSTA2016_PMT\AAAAADataForISSTA\test_9ASE\AICE_arffs\GenericTree.arff,naive,0.924095189,0.916299559,0.906110516,0.93951094,0.898678414,0.898678414,0.083700441,0.083700441,0.814977974
D:\experimental data\ISSTA2016_PMT\AAAAADataForISSTA\test_9ASE\AICE_arffs\geo.arff,naive,0.884138334,0.881818182,0.874537227,0.852356771,0.809090909,0.829545455,0.081818182,0.102272727,0.727272727
D:\experimental data\ISSTA2016_PMT\AAAAADataForISSTA\test_9ASE\AICE_arffs\geocluster-facet.arff,naive,0.918635764,0.902298851,0.901618836,0.950552356,0.584291188,0.584291188,0.097701149,0.097701149,0.486590038
D:\experimental data\ISSTA2016_PMT\AAAAADataForISSTA\test_9ASE\AICE_arffs\geohash-java.arff,naive,0.857344358,0.837398374,0.80741625,0.774176118,0.909891599,0.932926829,0.154471545,0.177506775,0.755420054
D:\experimental data\ISSTA2016_PMT\AAAAADataForISSTA\test_9ASE\AICE_arffs\geoip-api-java.arff,naive,0.970013143,0.959766694,0.962419789,0.982396121,0.140697536,0.143673372,0.037376503,0.040352339,0.103321033
D:\experimental data\ISSTA2016_PMT\AAAAADataForISSTA\test_9ASE\AICE_arffs\geojson-jackson.arff,naive,0.933910307,0.922580645,0.922696697,0.95796354,0.529032258,0.529032258,0.077419355,0.077419355,0.451612903
D:\experimental data\ISSTA2016_PMT\AAAAADataForISSTA\test_9ASE\AICE_arffs\getdown.arff,naive,0.994726296,0.9923771,0.993056542,0.997409278,0.024735532,0.024735532,0.0076229,0.0076229,0.017112632
D:\experimental data\ISSTA2016_PMT\AAAAADataForISSTA\test_9ASE\AICE_arffs\glacieruploader.arff,naive,0.913746898,0.88172043,0.885360557,0.895500961,0.436827957,0.436827957,0.11827957,0.11827957,0.318548387
D:\experimental data\ISSTA2016_PMT\AAAAADataForISSTA\test_9ASE\AICE_arffs\greplin-bloom-filter.arff,naive,0.785028714,0.750337382,0.728626625,0.780058992,0.786774629,0.827260459,0.201079622,0.241565452,0.585695007
D:\experimental data\ISSTA2016_PMT\AAAAADataForISSTA\test_9ASE\AICE_arffs\greplin-lucene-utils.arff,naive,0.972999651,0.971175166,0.971726779,0.99055115,0.163192905,0.176496674,0.014634146,0.027937916,0.148558758
D:\experimental data\ISSTA2016_PMT\AAAAADataForISSTA\test_9ASE\AICE_arffs\greplin-zookeeper-utils.arff,naive,0.847432989,0.803149606,0.788503371,0.813274843,0.767716535,0.779527559,0.188976378,0.200787402,0.578740157
D:\experimental data\ISSTA2016_PMT\AAAAADataForISSTA\test_9ASE\AICE_arffs\gson-fire.arff,naive,0.854829872,0.810631229,0.802674891,0.869274584,0.700996678,0.720930233,0.179401993,0.199335548,0.521594684
D:\experimental data\ISSTA2016_PMT\AAAAADataForISSTA\test_9ASE\AICE_arffs\gwt-bootstrap.arff,naive,0.999843579,0.999843554,0.999840432,1,0.001877347,0.002033792,-1.56E-04,0,0.002033792
D:\experimental data\ISSTA2016_PMT\AAAAADataForISSTA\test_9ASE\AICE_arffs\hadoop-book.arff,naive,0.990520916,0.984912652,0.986802011,0.993094974,0.030439386,0.032292218,0.012440445,0.014293277,0.017998941
D:\experimental data\ISSTA2016_PMT\AAAAADataForISSTA\test_9ASE\AICE_arffs\hashids-java.arff,naive,0.942003389,0.93654267,0.934548667,0.94219036,0.737417943,0.750547046,0.06345733,0.076586433,0.673960613
D:\experimental data\ISSTA2016_PMT\AAAAADataForISSTA\test_9ASE\AICE_arffs\HTTP-Proxy-Servlet.arff,naive,0.987331676,0.986460348,0.986693903,0.996462436,0.125725338,0.127659574,0.00967118,0.011605416,0.116054159
D:\experimental data\ISSTA2016_PMT\AAAAADataForISSTA\test_9ASE\AICE_arffs\IClojure.arff,naive,0.987793443,0.987408185,0.987549199,0.996876491,0.087093389,0.092339979,0.004197272,0.009443861,0.082896118
D:\experimental data\ISSTA2016_PMT\AAAAADataForISSTA\test_9ASE\AICE_arffs\invokebinder.arff,naive,0.935368399,0.933530281,0.933805017,0.966029178,0.435745938,0.457902511,0.026095519,0.048252093,0.409650419
D:\experimental data\ISSTA2016_PMT\AAAAADataForISSTA\test_9ASE\AICE_arffs\jackson-dataformat-csv.arff,naive,0.928763478,0.912942021,0.915311836,0.959246141,0.378029079,0.390235146,0.07628792,0.088493987,0.30174116
D:\experimental data\ISSTA2016_PMT\AAAAADataForISSTA\test_9ASE\AICE_arffs\jackson-datatype-guava.arff,naive,0.898127498,0.870944484,0.871128053,0.933915714,0.555875991,0.565248738,0.123287671,0.132660418,0.43258832
D:\experimental data\ISSTA2016_PMT\AAAAADataForISSTA\test_9ASE\AICE_arffs\jackson-datatype-joda.arff,naive,0.888434475,0.861111111,0.85915115,0.86281145,0.618773946,0.62835249,0.131226054,0.140804598,0.487547893
D:\experimental data\ISSTA2016_PMT\AAAAADataForISSTA\test_9ASE\AICE_arffs\jackson-module-afterburner.arff,naive,0.866518862,0.836945304,0.828821407,0.846552132,0.725490196,0.738906089,0.151358789,0.164774682,0.574131407
D:\experimental data\ISSTA2016_PMT\AAAAADataForISSTA\test_9ASE\AICE_arffs\JActor.arff,naive,0.843652198,0.784461153,0.785578952,0.856381542,0.580200501,0.600250627,0.187969925,0.20802005,0.392230576
D:\experimental data\ISSTA2016_PMT\AAAAADataForISSTA\test_9ASE\AICE_arffs\JAdventure.arff,naive,0.975172956,0.961059543,0.964993243,0.989976357,0.105501472,0.108218248,0.038487661,0.041204437,0.06701381
D:\experimental data\ISSTA2016_PMT\AAAAADataForISSTA\test_9ASE\AICE_arffs\java-grok.arff,naive,0.956127596,0.950581395,0.951401269,0.972270818,0.353197674,0.359011628,0.043604651,0.049418605,0.309593023
D:\experimental data\ISSTA2016_PMT\AAAAADataForISSTA\test_9ASE\AICE_arffs\java-jwt.arff,naive,0.916992581,0.907859079,0.892047623,0.806472492,0.929539295,0.929539295,0.092140921,0.092140921,0.837398374
D:\experimental data\ISSTA2016_PMT\AAAAADataForISSTA\test_9ASE\AICE_arffs\java-libpst.arff,naive,0.952371169,0.930624817,0.935769969,0.964383224,0.212232326,0.213699032,0.067615136,0.069081842,0.14461719
D:\experimental data\ISSTA2016_PMT\AAAAADataForISSTA\test_9ASE\AICE_arffs\java-merge-sort.arff,naive,0.911791733,0.878640777,0.883583743,0.9277031,0.39684466,0.40776699,0.11407767,0.125,0.28276699
D:\experimental data\ISSTA2016_PMT\AAAAADataForISSTA\test_9ASE\AICE_arffs\java-sizeof.arff,naive,0.972960175,0.96886675,0.969943514,0.987692728,0.154420922,0.169364882,0.02366127,0.03860523,0.130759651
D:\experimental data\ISSTA2016_PMT\AAAAADataForISSTA\test_9ASE\AICE_arffs\java-uuid-generator.arff,naive,0.953266362,0.943352601,0.945180084,0.975417305,0.290751445,0.292485549,0.053179191,0.054913295,0.237572254
D:\experimental data\ISSTA2016_PMT\AAAAADataForISSTA\test_9ASE\AICE_arffs\javacpp.arff,naive,0.99029217,0.98819177,0.988849405,0.995153323,0.041252787,0.042874519,0.008564768,0.010186499,0.032688019
D:\experimental data\ISSTA2016_PMT\AAAAADataForISSTA\test_9ASE\AICE_arffs\javapoet.arff,naive,0.899614006,0.888244275,0.883566978,0.864387033,0.733740458,0.747175573,0.097709924,0.111145038,0.636030534
D:\experimental data\ISSTA2016_PMT\AAAAADataForISSTA\test_9ASE\AICE_arffs\javatuples.arff,naive,0.973431181,0.96665647,0.969092104,0.983264313,0.066992964,0.085041297,0.018048333,0.036096666,0.048944631
D:\experimental data\ISSTA2016_PMT\AAAAADataForISSTA\test_9ASE\AICE_arffs\JavaVerbalExpressions.arff,naive,0.934642927,0.933717579,0.928280747,0.913733445,0.887608069,0.899135447,0.054755043,0.066282421,0.832853026
D:\experimental data\ISSTA2016_PMT\AAAAADataForISSTA\test_9ASE\AICE_arffs\jenkins-ansicolor-plugin.arff,naive,0.900624942,0.883610451,0.8836643,0.918742018,0.54631829,0.560570071,0.097387173,0.111638955,0.448931116
D:\experimental data\ISSTA2016_PMT\AAAAADataForISSTA\test_9ASE\AICE_arffs\jenkins-sonar-plugin.arff,naive,1,1,1,1,0.582959641,0.582959641,0,0,0.582959641
D:\experimental data\ISSTA2016_PMT\AAAAADataForISSTA\test_9ASE\AICE_arffs\jetty-session-redis.arff,naive,0.940382167,0.908115766,0.915686565,0.957642358,0.24468731,0.248127909,0.088241247,0.091681846,0.156446064
D:\experimental data\ISSTA2016_PMT\AAAAADataForISSTA\test_9ASE\AICE_arffs\jieba-analysis.arff,naive,0.886205494,0.673436231,0.712060121,0.854140725,0.501218522,0.502030869,0.326563769,0.327376117,0.174654752
D:\experimental data\ISSTA2016_PMT\AAAAADataForISSTA\test_9ASE\AICE_arffs\jInstagram.arff,naive,0.98560734,0.983050847,0.983724957,0.993071726,0.092721834,0.095712861,0.014955135,0.017946162,0.0777667
D:\experimental data\ISSTA2016_PMT\AAAAADataForISSTA\test_9ASE\AICE_arffs\jitescript.arff,naive,0.941646138,0.930215827,0.93271404,0.971587066,0.277697842,0.291366906,0.053956835,0.067625899,0.223741007
D:\experimental data\ISSTA2016_PMT\AAAAADataForISSTA\test_9ASE\AICE_arffs\jmeter-maven-plugin.arff,naive,0.975065968,0.973825503,0.97399459,0.983145854,0.367785235,0.370469799,0.020805369,0.023489933,0.346979866
D:\experimental data\ISSTA2016_PMT\AAAAADataForISSTA\test_9ASE\AICE_arffs\jmxutils.arff,naive,0.961340238,0.957926829,0.958121589,0.974005521,0.462195122,0.463414634,0.039634146,0.040853659,0.422560976
D:\experimental data\ISSTA2016_PMT\AAAAADataForISSTA\test_9ASE\AICE_arffs\joss.arff,naive,0.862443332,0.824715726,0.820128949,0.862990289,0.659729672,0.668526067,0.161124222,0.169920618,0.498605449
D:\experimental data\ISSTA2016_PMT\AAAAADataForISSTA\test_9ASE\AICE_arffs\jPopulator.arff,naive,0.89458705,0.861924686,0.862660691,0.916351903,0.54707113,0.55334728,0.133891213,0.140167364,0.413179916
D:\experimental data\ISSTA2016_PMT\AAAAADataForISSTA\test_9ASE\AICE_arffs\jprotobuf.arff,naive,0.88416512,0.739818418,0.766749477,0.885744662,0.449546044,0.454474708,0.254474708,0.259403372,0.195071336
D:\experimental data\ISSTA2016_PMT\AAAAADataForISSTA\test_9ASE\AICE_arffs\jreversepro.arff,naive,0.926496322,0.825359185,0.851326092,0.950353419,0.300739294,0.301297252,0.174361836,0.174919794,0.126377459
D:\experimental data\ISSTA2016_PMT\AAAAADataForISSTA\test_9ASE\AICE_arffs\jsemver.arff,naive,0.943996943,0.946081955,0.944058512,0.895108502,0.884255931,0.920920201,0.022286125,0.058950395,0.861969806
D:\experimental data\ISSTA2016_PMT\AAAAADataForISSTA\test_9ASE\AICE_arffs\jsonrpc4j.arff,naive,0.952227369,0.942545246,0.944714261,0.975794789,0.246193623,0.259120942,0.047112899,0.060040218,0.199080724
D:\experimental data\ISSTA2016_PMT\AAAAADataForISSTA\test_9ASE\AICE_arffs\jtar.arff,naive,0.746730141,0.680384088,0.6611645,0.737734518,0.739368999,0.806584362,0.253772291,0.320987654,0.485596708
D:\experimental data\ISSTA2016_PMT\AAAAADataForISSTA\test_9ASE\AICE_arffs\jumblr.arff,naive,0.937248085,0.929273084,0.930354811,0.958195742,0.3978389,0.413555992,0.055009823,0.070726916,0.342829077
D:\experimental data\ISSTA2016_PMT\AAAAADataForISSTA\test_9ASE\AICE_arffs\kafka-spout.arff,naive,0.870188302,0.858356941,0.822348245,0.792280983,0.95184136,0.966005666,0.135977337,0.150141643,0.815864023
D:\experimental data\ISSTA2016_PMT\AAAAADataForISSTA\test_9ASE\AICE_arffs\kafka-websocket.arff,naive,0.993831713,0.993630573,0.99366901,0.997117701,0.201698514,0.201698514,0.006369427,0.006369427,0.195329087
D:\experimental data\ISSTA2016_PMT\AAAAADataForISSTA\test_9ASE\AICE_arffs\KeptCollections.arff,naive,0.93207838,0.919574216,0.921454385,0.95938565,0.377291543,0.384979302,0.06741573,0.075103489,0.309875813
D:\experimental data\ISSTA2016_PMT\AAAAADataForISSTA\test_9ASE\AICE_arffs\kryo-serializers.arff,naive,0.768540072,0.772983114,0.757442447,0.791254854,0.787992495,0.853658537,0.118198874,0.183864916,0.669793621
D:\experimental data\ISSTA2016_PMT\AAAAADataForISSTA\test_9ASE\AICE_arffs\la4j.arff,naive,0.951380177,0.948305624,0.948333351,0.9815439,0.513218861,0.53166167,0.03988371,0.058326519,0.47333515
D:\experimental data\ISSTA2016_PMT\AAAAADataForISSTA\test_9ASE\AICE_arffs\LastCalc.arff,naive,0.920377461,0.897247063,0.900653074,0.948423093,0.388392074,0.400841662,0.093985622,0.10643521,0.294406453
D:\experimental data\ISSTA2016_PMT\AAAAADataForISSTA\test_9ASE\AICE_arffs\linq4j.arff,naive,0.957815374,0.952034492,0.953289703,0.978419512,0.259678433,0.267942154,0.037007096,0.045270816,0.222671337
D:\experimental data\ISSTA2016_PMT\AAAAADataForISSTA\test_9ASE\AICE_arffs\Liqp.arff,naive,0.892073261,0.87950072,0.873559372,0.890401662,0.750360058,0.760441671,0.105136822,0.115218435,0.645223236
D:\experimental data\ISSTA2016_PMT\AAAAADataForISSTA\test_9ASE\AICE_arffs\log-synth.arff,naive,0.863913409,0.829196217,0.828114085,0.897791385,0.594858156,0.621158392,0.146572104,0.17287234,0.448286052
D:\experimental data\ISSTA2016_PMT\AAAAADataForISSTA\test_9ASE\AICE_arffs\log4j-jsonevent-layout.arff,naive,0.983471074,0.983471074,0.983471074,0.968045113,0.94214876,0.950413223,0,0.008264463,0.94214876
D:\experimental data\ISSTA2016_PMT\AAAAADataForISSTA\test_9ASE\AICE_arffs\low-gc-membuffers.arff,naive,0.913048884,0.903781229,0.902372941,0.925411224,0.628966914,0.647535449,0.079338285,0.09790682,0.549628629
D:\experimental data\ISSTA2016_PMT\AAAAADataForISSTA\test_9ASE\AICE_arffs\maven-git-commit-id-plugin.arff,naive,0.9140997,0.89227836,0.893197006,0.942482891,0.512869399,0.515729266,0.105815062,0.108674929,0.407054337
D:\experimental data\ISSTA2016_PMT\AAAAADataForISSTA\test_9ASE\AICE_arffs\maven-s3-wagon.arff,naive,0.997931662,0.894514768,0.942285595,0.898520085,0.107594937,0.117088608,0.105485232,0.114978903,0.002109705
D:\experimental data\ISSTA2016_PMT\AAAAADataForISSTA\test_9ASE\AICE_arffs\metrics-statsd.arff,naive,0.989937107,0.978436658,0.982237469,0.999411303,0.040431267,0.040431267,0.021563342,0.021563342,0.018867925
D:\experimental data\ISSTA2016_PMT\AAAAADataForISSTA\test_9ASE\AICE_arffs\microorm.arff,naive,0.986666667,0.986666667,0.986666667,0.93095313,0.963333333,0.97,0,0.006666667,0.963333333
D:\experimental data\ISSTA2016_PMT\AAAAADataForISSTA\test_9ASE\AICE_arffs\mimecraft.arff,naive,0.916383686,0.912133891,0.902077283,0.873659674,0.89539749,0.89958159,0.079497908,0.083682008,0.815899582
D:\experimental data\ISSTA2016_PMT\AAAAADataForISSTA\test_9ASE\AICE_arffs\multi-thread-context.arff,naive,0.986473682,0.986425339,0.986429246,0.991278591,0.529411765,0.542986425,-0.004524887,0.009049774,0.533936652
D:\experimental data\ISSTA2016_PMT\AAAAADataForISSTA\test_9ASE\AICE_arffs\nar-maven-plugin.arff,naive,0.973873538,0.960230223,0.964094529,0.98671572,0.106283538,0.111909295,0.037606024,0.043231781,0.068677514
D:\experimental data\ISSTA2016_PMT\AAAAADataForISSTA\test_9ASE\AICE_arffs\netty-in-action.arff,naive,0.98150348,0.976687117,0.97799024,0.992715881,0.095092025,0.098159509,0.020858896,0.02392638,0.074233129
D:\experimental data\ISSTA2016_PMT\AAAAADataForISSTA\test_9ASE\AICE_arffs\netty-tools.arff,naive,0.926900988,0.914786967,0.917002451,0.955205144,0.350877193,0.370927318,0.062656642,0.082706767,0.288220551
D:\experimental data\ISSTA2016_PMT\AAAAADataForISSTA\test_9ASE\AICE_arffs\obd-java-api.arff,naive,0.903721189,0.883064516,0.882739187,0.942280404,0.567204301,0.571236559,0.108870968,0.112903226,0.458333333
D:\experimental data\ISSTA2016_PMT\AAAAADataForISSTA\test_9ASE\AICE_arffs\parsii.arff,naive,0.86379522,0.827389444,0.820199376,0.847715216,0.701854494,0.710413695,0.163100333,0.171659534,0.538754161
D:\experimental data\ISSTA2016_PMT\AAAAADataForISSTA\test_9ASE\AICE_arffs\patricia-trie.arff,naive,0.907446964,0.890142022,0.890784069,0.933115585,0.516708438,0.529657477,0.094820384,0.107769424,0.421888053
D:\experimental data\ISSTA2016_PMT\AAAAADataForISSTA\test_9ASE\AICE_arffs\PauselessHashMap.arff,naive,0.785290791,0.7514518,0.728046845,0.731289362,0.797909408,0.832752613,0.202090592,0.236933798,0.595818815
D:\experimental data\ISSTA2016_PMT\AAAAADataForISSTA\test_9ASE\AICE_arffs\photon-core.arff,naive,0.903903016,0.853932584,0.860747048,0.954375,0.426966292,0.426966292,0.146067416,0.146067416,0.280898876
D:\experimental data\ISSTA2016_PMT\AAAAADataForISSTA\test_9ASE\AICE_arffs\pollexor.arff,naive,0.988987168,0.988934993,0.988951763,0.997502907,0.28077455,0.286307054,0.002766252,0.008298755,0.278008299
D:\experimental data\ISSTA2016_PMT\AAAAADataForISSTA\test_9ASE\AICE_arffs\proguard-maven-plugin.arff,naive,0.984566851,0.978007762,0.979805908,0.992513643,0.07373868,0.07373868,0.021992238,0.021992238,0.051746442
D:\experimental data\ISSTA2016_PMT\AAAAADataForISSTA\test_9ASE\AICE_arffs\protoparser.arff,naive,0.979531659,0.978923598,0.978934181,0.987048656,0.494166353,0.496048175,0.017312759,0.01919458,0.476853594
D:\experimental data\ISSTA2016_PMT\AAAAADataForISSTA\test_9ASE\AICE_arffs\pusher-websocket-java.arff,naive,0.94799114,0.940986257,0.941212433,0.971330537,0.497170574,0.498787389,0.059013743,0.060630558,0.438156831
D:\experimental data\ISSTA2016_PMT\AAAAADataForISSTA\test_9ASE\AICE_arffs\raml-java-parser.arff,naive,0.917677961,0.903338225,0.901807789,0.924257637,0.628576669,0.629860602,0.095194424,0.096478357,0.533382245
D:\experimental data\ISSTA2016_PMT\AAAAADataForISSTA\test_9ASE\AICE_arffs\redline-smalltalk.arff,naive,0.883543277,0.843162953,0.847685934,0.918781006,0.4672346,0.484054172,0.136740935,0.153560507,0.330493665
D:\experimental data\ISSTA2016_PMT\AAAAADataForISSTA\test_9ASE\AICE_arffs\redline.arff,naive,0.890229455,0.836620404,0.842979416,0.898958701,0.461407353,0.468955442,0.157048941,0.164597029,0.304358412
D:\experimental data\ISSTA2016_PMT\AAAAADataForISSTA\test_9ASE\AICE_arffs\RestFixture.arff,naive,0.947475163,0.938886868,0.93969715,0.965924087,0.425245544,0.427064387,0.060385595,0.062204438,0.364859949
D:\experimental data\ISSTA2016_PMT\AAAAADataForISSTA\test_9ASE\AICE_arffs\rome.arff,naive,0.88418469,0.839311021,0.84175658,0.904612825,0.52818053,0.538100948,0.154148043,0.164068462,0.374032487
D:\experimental data\ISSTA2016_PMT\AAAAADataForISSTA\test_9ASE\AICE_arffs\rtree.arff,naive,0.874746943,0.867914144,0.861868945,0.85840876,0.750687947,0.772702256,0.093560815,0.115575124,0.657127133
D:\experimental data\ISSTA2016_PMT\AAAAADataForISSTA\test_9ASE\AICE_arffs\SansOrm.arff,naive,0.998803419,0.994615385,0.996321392,1,0.006923077,0.006923077,0.005384615,0.005384615,0.001538462
D:\experimental data\ISSTA2016_PMT\AAAAADataForISSTA\test_9ASE\AICE_arffs\scribe-java.arff,naive,0.933100967,0.917487685,0.919848093,0.964726138,0.368842365,0.376847291,0.075123153,0.083128079,0.293719212
D:\experimental data\ISSTA2016_PMT\AAAAADataForISSTA\test_9ASE\AICE_arffs\scrypt.arff,naive,0.901237062,0.905075188,0.898557951,0.866386806,0.868421053,0.891917293,0.053571429,0.077067669,0.814849624
D:\experimental data\ISSTA2016_PMT\AAAAADataForISSTA\test_9ASE\AICE_arffs\skype-java-api.arff,naive,0.985617149,0.983360463,0.983939537,0.993633558,0.102731054,0.104177971,0.014830892,0.016277808,0.087900163
D:\experimental data\ISSTA2016_PMT\AAAAADataForISSTA\test_9ASE\AICE_arffs\sonar-objective-c.arff,naive,0.952578781,0.945720251,0.947164388,0.978658905,0.277661795,0.28914405,0.041753653,0.053235908,0.235908142
D:\experimental data\ISSTA2016_PMT\AAAAADataForISSTA\test_9ASE\AICE_arffs\spatial4j.arff,naive,0.923459514,0.907278481,0.908447445,0.937919963,0.472943038,0.476582278,0.087341772,0.090981013,0.385601266
D:\experimental data\ISSTA2016_PMT\AAAAADataForISSTA\test_9ASE\AICE_arffs\spr-mvc-hib.arff,naive,0.970228091,0.739495798,0.822738991,0.895652174,0.294117647,0.294117647,0.260504202,0.260504202,0.033613445
D:\experimental data\ISSTA2016_PMT\AAAAADataForISSTA\test_9ASE\AICE_arffs\spring-data-commons.arff,naive,0.882939524,0.859770728,0.855155839,0.903325525,0.684617435,0.696614236,0.129209988,0.141206789,0.555407447
D:\experimental data\ISSTA2016_PMT\AAAAADataForISSTA\test_9ASE\AICE_arffs\spring-data-envers.arff,naive,0.987654321,0.987654321,0.987654321,0.982479784,0.654320988,0.660493827,0,0.00617284,0.654320988
D:\experimental data\ISSTA2016_PMT\AAAAADataForISSTA\test_9ASE\AICE_arffs\spring-elasticsearch.arff,naive,0.876340649,0.828947368,0.83138084,0.886995482,0.535714286,0.541353383,0.159774436,0.165413534,0.37593985
D:\experimental data\ISSTA2016_PMT\AAAAADataForISSTA\test_9ASE\AICE_arffs\spring-mvc-showcase.arff,naive,0.916218616,0.908045977,0.899139935,0.817727532,0.865353038,0.866995074,0.088669951,0.090311987,0.776683087
D:\experimental data\ISSTA2016_PMT\AAAAADataForISSTA\test_9ASE\AICE_arffs\spring-rest-service-oauth.arff,naive,0.897562956,0.855855856,0.866089842,0.982635342,0.693693694,0.81981982,-0.108108108,0.018018018,0.801801802
D:\experimental data\ISSTA2016_PMT\AAAAADataForISSTA\test_9ASE\AICE_arffs\spring-retry.arff,naive,0.893375974,0.873761085,0.869433236,0.906899713,0.693270736,0.699008868,0.118935837,0.12467397,0.574334898
D:\experimental data\ISSTA2016_PMT\AAAAADataForISSTA\test_9ASE\AICE_arffs\stateless4j.arff,naive,0.916030813,0.904153355,0.9037453,0.951843791,0.567092652,0.575079872,0.083067093,0.091054313,0.484025559
D:\experimental data\ISSTA2016_PMT\AAAAADataForISSTA\test_9ASE\AICE_arffs\statsd-jvm-profiler.arff,naive,0.960496599,0.95709571,0.957487977,0.965467499,0.399339934,0.405940594,0.03630363,0.04290429,0.363036304
D:\experimental data\ISSTA2016_PMT\AAAAADataForISSTA\test_9ASE\AICE_arffs\storm-elastic-search.arff,naive,0.996875,0.984375,0.989521574,0.98627451,0.01953125,0.0234375,0.015625,0.01953125,0.00390625
D:\experimental data\ISSTA2016_PMT\AAAAADataForISSTA\test_9ASE\AICE_arffs\storm-jms.arff,naive,0.989587791,0.989473684,0.98869265,1,0.028947368,0.039473684,-0.010526316,0,0.039473684
D:\experimental data\ISSTA2016_PMT\AAAAADataForISSTA\test_9ASE\AICE_arffs\storm-pattern.arff,naive,0.928414377,0.917755573,0.918929113,0.953471701,0.431206764,0.442736357,0.066871637,0.07840123,0.364335127
D:\experimental data\ISSTA2016_PMT\AAAAADataForISSTA\test_9ASE\AICE_arffs\swagger-maven-plugin.arff,naive,0.971809283,0.965677512,0.967499841,0.985339615,0.113693243,0.120486235,0.024311763,0.031104755,0.08938148
D:\experimental data\ISSTA2016_PMT\AAAAADataForISSTA\test_9ASE\AICE_arffs\TProfiler.arff,naive,0.998904483,0.998845266,0.998860119,0.99996811,0.022517321,0.022517321,0.001154734,0.001154734,0.021362587
D:\experimental data\ISSTA2016_PMT\AAAAADataForISSTA\test_9ASE\AICE_arffs\urlbuilder.arff,naive,0.898694652,0.884287454,0.862079334,0.769901374,0.929354446,0.930572473,0.115712546,0.116930572,0.8136419
D:\experimental data\ISSTA2016_PMT\AAAAADataForISSTA\test_9ASE\AICE_arffs\visualee.arff,naive,0.926279562,0.885954382,0.89415905,0.946378091,0.31092437,0.31452581,0.111644658,0.115246098,0.199279712
D:\experimental data\ISSTA2016_PMT\AAAAADataForISSTA\test_9ASE\AICE_arffs\warcbase.arff,naive,0.978215864,0.974023231,0.975047345,0.989392828,0.140865892,0.142555438,0.023864836,0.025554382,0.117001056
D:\experimental data\ISSTA2016_PMT\AAAAADataForISSTA\test_9ASE\AICE_arffs\webapp-runner.arff,naive,0.997982022,0.997890295,0.997912568,0.999597747,0.048523207,0.048523207,0.002109705,0.002109705,0.046413502
D:\experimental data\ISSTA2016_PMT\AAAAADataForISSTA\test_9ASE\AICE_arffs\webbit.arff,naive,0.930037025,0.922805988,0.923608929,0.952583137,0.435867332,0.45142354,0.054886997,0.070443205,0.380980335
D:\experimental data\ISSTA2016_PMT\AAAAADataForISSTA\test_9ASE\AICE_arffs\webprotege.arff,naive,0.982352473,0.980332142,0.980911646,0.994504088,0.108390435,0.116210185,0.013506842,0.021326593,0.094883592
D:\experimental data\ISSTA2016_PMT\AAAAADataForISSTA\test_9ASE\AICE_arffs\wsc.arff,naive,0.96026364,0.93252459,0.940565655,0.969994899,0.145442623,0.151737705,0.062491803,0.068786885,0.08295082
D:\experimental data\ISSTA2016_PMT\AAAAADataForISSTA\test_9ASE\AICE_arffs\wsdoc.arff,naive,0.977265234,0.974116162,0.974745105,0.988929778,0.212752525,0.212752525,0.025883838,0.025883838,0.186868687
D:\experimental data\ISSTA2016_PMT\AAAAADataForISSTA\test_9ASE\AICE_arffs\xembly.arff,naive,0.89368567,0.872655479,0.871535689,0.932617096,0.595261599,0.603158934,0.113524186,0.12142152,0.481737414
D:\experimental data\ISSTA2016_PMT\AAAAADataForISSTA\test_9ASE\AICE_arffs\xsoup.arff,naive,0.955330628,0.951048951,0.951579769,0.975981895,0.39429801,0.401291017,0.040344271,0.047337278,0.353953739
D:\experimental data\ISSTA2016_PMT\AAAAADataForISSTA\test_9ASE\AICE_arffs\zt-exec.arff,naive,0.9323202,0.903004292,0.909520498,0.965449941,0.274678112,0.286695279,0.088412017,0.100429185,0.186266094
D:\experimental data\ISSTA2016_PMT\AAAAADataForISSTA\test_9ASE\AICE_arffs\zt-zip.arff,naive,0.906819126,0.860471725,0.867939316,0.924007225,0.392441034,0.396135266,0.134413186,0.138107417,0.258027849
D:\experimental data\ISSTA2016_PMT\AAAAADataForISSTA\test_9ASE\AICE_arffs\aho-corasick.arff,under-sampling,0.940765764,0.935950413,0.936556734,0.964899805,0.417355372,0.42768595,0.04338843,0.053719008,0.373966942
D:\experimental data\ISSTA2016_PMT\AAAAADataForISSTA\test_9ASE\AICE_arffs\anomaly-detection.arff,under-sampling,0.956104973,0.887850467,0.910257961,0.959800664,0.168224299,0.174454829,0.105919003,0.112149533,0.062305296
D:\experimental data\ISSTA2016_PMT\AAAAADataForISSTA\test_9ASE\AICE_arffs\apk-parser.arff,under-sampling,1,1,1,1,0.001231148,0.001231148,0,0,0.001231148
D:\experimental data\ISSTA2016_PMT\AAAAADataForISSTA\test_9ASE\AICE_arffs\appengine-guestbook-java.arff,under-sampling,1,1,1,1,0.414634146,0.414634146,0,0,0.414634146
D:\experimental data\ISSTA2016_PMT\AAAAADataForISSTA\test_9ASE\AICE_arffs\are-we-consistent-yet.arff,under-sampling,0.997903564,0.997641509,0.997709458,0.998197115,0.021226415,0.021226415,0.002358491,0.002358491,0.018867925
D:\experimental data\ISSTA2016_PMT\AAAAADataForISSTA\test_9ASE\AICE_arffs\ashot.arff,under-sampling,0.835372012,0.816326531,0.808397832,0.874545911,0.713398403,0.768411713,0.135758651,0.190771961,0.577639752
D:\experimental data\ISSTA2016_PMT\AAAAADataForISSTA\test_9ASE\AICE_arffs\brickhouse.arff,under-sampling,0.991546829,0.990207599,0.990612005,0.997030206,0.04517561,0.047525787,0.007181094,0.00953127,0.037994516
D:\experimental data\ISSTA2016_PMT\AAAAADataForISSTA\test_9ASE\AICE_arffs\byteunits.arff,under-sampling,0.953917051,0.935483871,0.939569892,0.969230769,0.225806452,0.225806452,0.064516129,0.064516129,0.161290323
D:\experimental data\ISSTA2016_PMT\AAAAADataForISSTA\test_9ASE\AICE_arffs\cassandra-reaper.arff,under-sampling,0.959702863,0.947283049,0.950317952,0.979874754,0.188969992,0.196877534,0.047445255,0.055352798,0.141524736
D:\experimental data\ISSTA2016_PMT\AAAAADataForISSTA\test_9ASE\AICE_arffs\chromecast-java-api-v2.arff,under-sampling,0.860903411,0.802173913,0.811923808,0.892848308,0.435326087,0.466847826,0.157608696,0.189130435,0.277717391
D:\experimental data\ISSTA2016_PMT\AAAAADataForISSTA\test_9ASE\AICE_arffs\clojure-maven-plugin.arff,under-sampling,0.99043772,0.988862371,0.989400949,0.994608245,0.035003978,0.042163882,0.00636436,0.013524264,0.028639618
D:\experimental data\ISSTA2016_PMT\AAAAADataForISSTA\test_9ASE\AICE_arffs\cloudhopper-smpp.arff,under-sampling,0.920458467,0.915376458,0.916030191,0.95033926,0.439448568,0.46447508,0.045174973,0.070201485,0.394273595
D:\experimental data\ISSTA2016_PMT\AAAAADataForISSTA\test_9ASE\AICE_arffs\compress.arff,under-sampling,0.865551583,0.851727043,0.850297253,0.910428679,0.597725358,0.634582982,0.097304128,0.134161752,0.50042123
D:\experimental data\ISSTA2016_PMT\AAAAADataForISSTA\test_9ASE\AICE_arffs\computoser.arff,under-sampling,0.981514785,0.971060056,0.974424202,0.988594852,0.061991133,0.066021765,0.024425635,0.028456268,0.037565498
D:\experimental data\ISSTA2016_PMT\AAAAADataForISSTA\test_9ASE\AICE_arffs\Confucius.arff,under-sampling,0.956882095,0.956862745,0.956731601,0.9655531,0.62745098,0.643137255,0.011764706,0.02745098,0.615686275
D:\experimental data\ISSTA2016_PMT\AAAAADataForISSTA\test_9ASE\AICE_arffs\cors-filter.arff,under-sampling,0.732830087,0.7975,0.750469205,0.647941016,0.945,1,0.1275,0.1825,0.8175
D:\experimental data\ISSTA2016_PMT\AAAAADataForISSTA\test_9ASE\AICE_arffs\crawler4j.arff,under-sampling,0.983063613,0.978520286,0.979821517,0.991223786,0.078077054,0.081486533,0.018070235,0.021479714,0.060006819
D:\experimental data\ISSTA2016_PMT\AAAAADataForISSTA\test_9ASE\AICE_arffs\css-selectors.arff,under-sampling,0.922207654,0.91726297,0.915056363,0.92536193,0.71019678,0.725402504,0.065742397,0.080948122,0.644454383
D:\experimental data\ISSTA2016_PMT\AAAAADataForISSTA\test_9ASE\AICE_arffs\csv-serde.arff,under-sampling,0.856619243,0.854545455,0.854449254,0.956679894,0.527272727,0.609090909,0.036363636,0.118181818,0.490909091
D:\experimental data\ISSTA2016_PMT\AAAAADataForISSTA\test_9ASE\AICE_arffs\cucumber-reporting.arff,under-sampling,0.900092186,0.865734858,0.86852144,0.920159102,0.486234646,0.489623041,0.12918255,0.132570945,0.357052097
D:\experimental data\ISSTA2016_PMT\AAAAADataForISSTA\test_9ASE\AICE_arffs\ddd-cqrs-sample.arff,under-sampling,0.964497435,0.964521948,0.964480193,0.980982655,0.606734817,0.622970535,0.005411906,0.021647625,0.60132291
D:\experimental data\ISSTA2016_PMT\AAAAADataForISSTA\test_9ASE\AICE_arffs\DiskLruCache.arff,under-sampling,0.825872258,0.826589595,0.802300247,0.740261181,0.883236994,0.912138728,0.131791908,0.160693642,0.751445087
D:\experimental data\ISSTA2016_PMT\AAAAADataForISSTA\test_9ASE\AICE_arffs\dropwizard-configurable-assets-bundle.arff,under-sampling,0.948603525,0.93639576,0.938894098,0.972862206,0.272084806,0.275618375,0.056537102,0.060070671,0.215547703
D:\experimental data\ISSTA2016_PMT\AAAAADataForISSTA\test_9ASE\AICE_arffs\dropwizard-guice.arff,under-sampling,0.724647155,0.718978102,0.70112831,0.763913525,0.755474453,0.861313869,0.156934307,0.262773723,0.598540146
D:\experimental data\ISSTA2016_PMT\AAAAADataForISSTA\test_9ASE\AICE_arffs\dropwizard-quartz.arff,under-sampling,0.8828125,0.863636364,0.821590175,0.648760331,0.96969697,0.984848485,0.136363636,0.151515152,0.833333333
D:\experimental data\ISSTA2016_PMT\AAAAADataForISSTA\test_9ASE\AICE_arffs\efflux.arff,under-sampling,0.914828155,0.901074589,0.903188586,0.954633112,0.398230088,0.43710493,0.071744627,0.110619469,0.326485461
D:\experimental data\ISSTA2016_PMT\AAAAADataForISSTA\test_9ASE\AICE_arffs\elasticsearch-readonlyrest-plugin.arff,under-sampling,0.876322876,0.870967742,0.869906732,0.929363524,0.594982079,0.630824373,0.064516129,0.100358423,0.53046595
D:\experimental data\ISSTA2016_PMT\AAAAADataForISSTA\test_9ASE\AICE_arffs\elasticsearch-reindex.arff,under-sampling,0.938678863,0.922905028,0.926553475,0.963768629,0.259217877,0.268156425,0.061452514,0.070391061,0.197765363
D:\experimental data\ISSTA2016_PMT\AAAAADataForISSTA\test_9ASE\AICE_arffs\evernote-sdk-java.arff,under-sampling,0.998734919,0.997173743,0.997728517,0.999548471,0.004774299,0.003385121,0.002698517,0.001309339,0.002075782
D:\experimental data\ISSTA2016_PMT\AAAAADataForISSTA\test_9ASE\AICE_arffs\evo-inflector.arff,under-sampling,0.985684597,0.985645933,0.985642639,0.995504587,0.473684211,0.483253589,-0.004784689,0.004784689,0.4784689
D:\experimental data\ISSTA2016_PMT\AAAAADataForISSTA\test_9ASE\AICE_arffs\ews-java-api.arff,under-sampling,0.984643962,0.978784339,0.980507281,0.986100235,0.063948449,0.067302257,0.018803934,0.022157742,0.045144515
D:\experimental data\ISSTA2016_PMT\AAAAADataForISSTA\test_9ASE\AICE_arffs\exp4j.arff,under-sampling,0.96055027,0.959322034,0.959106621,0.967382682,0.603389831,0.610169492,0.028813559,0.03559322,0.574576271
D:\experimental data\ISSTA2016_PMT\AAAAADataForISSTA\test_9ASE\AICE_arffs\expiringmap.arff,under-sampling,0.970324781,0.962479608,0.964250561,0.983381408,0.179445351,0.179445351,0.037520392,0.037520392,0.141924959
D:\experimental data\ISSTA2016_PMT\AAAAADataForISSTA\test_9ASE\AICE_arffs\fastweixin.arff,under-sampling,0.984518179,0.979763912,0.981487664,0.990919547,0.039347948,0.049465992,0.011804384,0.021922428,0.027543564
D:\experimental data\ISSTA2016_PMT\AAAAADataForISSTA\test_9ASE\AICE_arffs\flip-tables.arff,under-sampling,0.884243022,0.872180451,0.878051837,0.504032258,0.917293233,0.992481203,-0.015037594,0.060150376,0.932330827
D:\experimental data\ISSTA2016_PMT\AAAAADataForISSTA\test_9ASE\AICE_arffs\gdx-artemis.arff,under-sampling,0.880628522,0.866523911,0.864236681,0.901688328,0.633119201,0.656673804,0.100642398,0.124197002,0.532476802
D:\experimental data\ISSTA2016_PMT\AAAAADataForISSTA\test_9ASE\AICE_arffs\gelfj.arff,under-sampling,0.858092789,0.779326365,0.787055959,0.866170492,0.516840883,0.542392567,0.202090592,0.227642276,0.31475029
D:\experimental data\ISSTA2016_PMT\AAAAADataForISSTA\test_9ASE\AICE_arffs\GenericTree.arff,under-sampling,0.924095189,0.916299559,0.906110516,0.938095238,0.898678414,0.898678414,0.083700441,0.083700441,0.814977974
D:\experimental data\ISSTA2016_PMT\AAAAADataForISSTA\test_9ASE\AICE_arffs\geo.arff,under-sampling,0.886239361,0.884090909,0.877201281,0.856751894,0.806818182,0.829545455,0.079545455,0.102272727,0.727272727
D:\experimental data\ISSTA2016_PMT\AAAAADataForISSTA\test_9ASE\AICE_arffs\geocluster-facet.arff,under-sampling,0.904010589,0.894636015,0.894258136,0.953975203,0.561302682,0.584291188,0.074712644,0.097701149,0.486590038
D:\experimental data\ISSTA2016_PMT\AAAAADataForISSTA\test_9ASE\AICE_arffs\geohash-java.arff,under-sampling,0.835673444,0.830623306,0.803577792,0.759321128,0.896341463,0.932926829,0.140921409,0.177506775,0.755420054
D:\experimental data\ISSTA2016_PMT\AAAAADataForISSTA\test_9ASE\AICE_arffs\geoip-api-java.arff,under-sampling,0.951274986,0.945720748,0.94778704,0.982060501,0.123080586,0.143673372,0.019759552,0.040352339,0.103321033
D:\experimental data\ISSTA2016_PMT\AAAAADataForISSTA\test_9ASE\AICE_arffs\geojson-jackson.arff,under-sampling,0.930144348,0.920967742,0.921118148,0.961218487,0.520967742,0.529032258,0.069354839,0.077419355,0.451612903
D:\experimental data\ISSTA2016_PMT\AAAAADataForISSTA\test_9ASE\AICE_arffs\getdown.arff,under-sampling,0.99487711,0.992688239,0.993318135,0.996779044,0.024424393,0.024735532,0.007311761,0.0076229,0.017112632
D:\experimental data\ISSTA2016_PMT\AAAAADataForISSTA\test_9ASE\AICE_arffs\glacieruploader.arff,under-sampling,0.911858181,0.880376344,0.884038567,0.896424737,0.435483871,0.436827957,0.116935484,0.11827957,0.318548387
D:\experimental data\ISSTA2016_PMT\AAAAADataForISSTA\test_9ASE\AICE_arffs\greplin-bloom-filter.arff,under-sampling,0.754432425,0.732793522,0.712387093,0.763858659,0.771929825,0.827260459,0.186234818,0.241565452,0.585695007
D:\experimental data\ISSTA2016_PMT\AAAAADataForISSTA\test_9ASE\AICE_arffs\greplin-lucene-utils.arff,under-sampling,0.958214489,0.958314856,0.958263303,0.990948383,0.14767184,0.176496674,-8.87E-04,0.027937916,0.148558758
D:\experimental data\ISSTA2016_PMT\AAAAADataForISSTA\test_9ASE\AICE_arffs\greplin-zookeeper-utils.arff,under-sampling,0.847432989,0.803149606,0.788503371,0.791213682,0.767716535,0.779527559,0.188976378,0.200787402,0.578740157
D:\experimental data\ISSTA2016_PMT\AAAAADataForISSTA\test_9ASE\AICE_arffs\gson-fire.arff,under-sampling,0.846346597,0.818936877,0.813845763,0.90484563,0.666112957,0.720930233,0.144518272,0.199335548,0.521594684
D:\experimental data\ISSTA2016_PMT\AAAAADataForISSTA\test_9ASE\AICE_arffs\gwt-bootstrap.arff,under-sampling,0.999843579,0.999843554,0.999840432,0.999975882,0.001877347,0.002033792,-1.56E-04,0,0.002033792
D:\experimental data\ISSTA2016_PMT\AAAAADataForISSTA\test_9ASE\AICE_arffs\hadoop-book.arff,under-sampling,0.991782015,0.985706723,0.987633015,0.993433883,0.031762837,0.032292218,0.013763896,0.014293277,0.017998941
D:\experimental data\ISSTA2016_PMT\AAAAADataForISSTA\test_9ASE\AICE_arffs\hashids-java.arff,under-sampling,0.930050155,0.927789934,0.926069796,0.912751678,0.72428884,0.750547046,0.050328228,0.076586433,0.673960613
D:\experimental data\ISSTA2016_PMT\AAAAADataForISSTA\test_9ASE\AICE_arffs\HTTP-Proxy-Servlet.arff,under-sampling,0.987331676,0.986460348,0.986693903,0.996243618,0.125725338,0.127659574,0.00967118,0.011605416,0.116054159
D:\experimental data\ISSTA2016_PMT\AAAAADataForISSTA\test_9ASE\AICE_arffs\IClojure.arff,under-sampling,0.97977108,0.980062959,0.979887099,0.996328535,0.079748164,0.092339979,-0.003147954,0.009443861,0.082896118
D:\experimental data\ISSTA2016_PMT\AAAAADataForISSTA\test_9ASE\AICE_arffs\invokebinder.arff,under-sampling,0.927045214,0.926637125,0.926758277,0.963413431,0.419005416,0.457902511,0.009354998,0.048252093,0.409650419
D:\experimental data\ISSTA2016_PMT\AAAAADataForISSTA\test_9ASE\AICE_arffs\jackson-dataformat-csv.arff,under-sampling,0.919881152,0.911865015,0.913561789,0.959808804,0.350385927,0.390235146,0.048644768,0.088493987,0.30174116
D:\experimental data\ISSTA2016_PMT\AAAAADataForISSTA\test_9ASE\AICE_arffs\jackson-datatype-guava.arff,under-sampling,0.889577232,0.874549387,0.875059868,0.937595156,0.521989906,0.565248738,0.089401586,0.132660418,0.43258832
D:\experimental data\ISSTA2016_PMT\AAAAADataForISSTA\test_9ASE\AICE_arffs\jackson-datatype-joda.arff,under-sampling,0.862562835,0.848659004,0.847626302,0.869513385,0.583333333,0.62835249,0.095785441,0.140804598,0.487547893
D:\experimental data\ISSTA2016_PMT\AAAAADataForISSTA\test_9ASE\AICE_arffs\jackson-module-afterburner.arff,under-sampling,0.834005565,0.821121431,0.815258159,0.847576084,0.689714482,0.738906089,0.115583075,0.164774682,0.574131407
D:\experimental data\ISSTA2016_PMT\AAAAADataForISSTA\test_9ASE\AICE_arffs\JActor.arff,under-sampling,0.839440519,0.784461153,0.785827545,0.861030371,0.572681704,0.600250627,0.180451128,0.20802005,0.392230576
D:\experimental data\ISSTA2016_PMT\AAAAADataForISSTA\test_9ASE\AICE_arffs\JAdventure.arff,under-sampling,0.974667728,0.962644329,0.966091649,0.988251097,0.101199909,0.108218248,0.034186099,0.041204437,0.06701381
D:\experimental data\ISSTA2016_PMT\AAAAADataForISSTA\test_9ASE\AICE_arffs\java-grok.arff,under-sampling,0.957842666,0.952034884,0.952852722,0.974119101,0.354651163,0.359011628,0.04505814,0.049418605,0.309593023
D:\experimental data\ISSTA2016_PMT\AAAAADataForISSTA\test_9ASE\AICE_arffs\java-jwt.arff,under-sampling,0.918003693,0.913279133,0.900833082,0.818375124,0.918699187,0.929539295,0.081300813,0.092140921,0.837398374
D:\experimental data\ISSTA2016_PMT\AAAAADataForISSTA\test_9ASE\AICE_arffs\java-libpst.arff,under-sampling,0.950245845,0.929744793,0.934767092,0.962945834,0.209005573,0.213699032,0.064388384,0.069081842,0.14461719
D:\experimental data\ISSTA2016_PMT\AAAAADataForISSTA\test_9ASE\AICE_arffs\java-merge-sort.arff,under-sampling,0.895603398,0.872572816,0.877007978,0.926922435,0.371359223,0.40776699,0.088592233,0.125,0.28276699
D:\experimental data\ISSTA2016_PMT\AAAAADataForISSTA\test_9ASE\AICE_arffs\java-sizeof.arff,under-sampling,0.972386521,0.96886675,0.96984063,0.987938327,0.151930262,0.169364882,0.02117061,0.03860523,0.130759651
D:\experimental data\ISSTA2016_PMT\AAAAADataForISSTA\test_9ASE\AICE_arffs\java-uuid-generator.arff,under-sampling,0.951398789,0.943352601,0.944978873,0.978458207,0.283815029,0.292485549,0.046242775,0.054913295,0.237572254
D:\experimental data\ISSTA2016_PMT\AAAAADataForISSTA\test_9ASE\AICE_arffs\javacpp.arff,under-sampling,0.986767523,0.985809852,0.986199869,0.995586505,0.036640989,0.042874519,0.00395297,0.010186499,0.032688019
D:\experimental data\ISSTA2016_PMT\AAAAADataForISSTA\test_9ASE\AICE_arffs\javapoet.arff,under-sampling,0.893247505,0.884580153,0.880227411,0.867138997,0.726412214,0.747175573,0.090381679,0.111145038,0.636030534
D:\experimental data\ISSTA2016_PMT\AAAAADataForISSTA\test_9ASE\AICE_arffs\javatuples.arff,under-sampling,0.969995376,0.964209238,0.966443448,0.982606948,0.063933925,0.085041297,0.014989293,0.036096666,0.048944631
D:\experimental data\ISSTA2016_PMT\AAAAADataForISSTA\test_9ASE\AICE_arffs\JavaVerbalExpressions.arff,under-sampling,0.933334895,0.933717579,0.928973556,0.931929364,0.88184438,0.899135447,0.048991354,0.066282421,0.832853026
D:\experimental data\ISSTA2016_PMT\AAAAADataForISSTA\test_9ASE\AICE_arffs\jenkins-ansicolor-plugin.arff,under-sampling,0.895195024,0.888361045,0.888645006,0.938309615,0.508313539,0.560570071,0.059382423,0.111638955,0.448931116
D:\experimental data\ISSTA2016_PMT\AAAAADataForISSTA\test_9ASE\AICE_arffs\jenkins-sonar-plugin.arff,under-sampling,0.99821396,0.998206278,0.998206821,1,0.581165919,0.582959641,-0.001793722,0,0.582959641
D:\experimental data\ISSTA2016_PMT\AAAAADataForISSTA\test_9ASE\AICE_arffs\jetty-session-redis.arff,under-sampling,0.938288476,0.908520542,0.915742066,0.959125384,0.239425218,0.248127909,0.082979154,0.091681846,0.156446064
D:\experimental data\ISSTA2016_PMT\AAAAADataForISSTA\test_9ASE\AICE_arffs\jieba-analysis.arff,under-sampling,0.886702718,0.677497969,0.71575234,0.846866416,0.497156783,0.502030869,0.322502031,0.327376117,0.174654752
D:\experimental data\ISSTA2016_PMT\AAAAADataForISSTA\test_9ASE\AICE_arffs\jInstagram.arff,under-sampling,0.983648842,0.981555334,0.982176746,0.993626126,0.090229312,0.095712861,0.012462612,0.017946162,0.0777667
D:\experimental data\ISSTA2016_PMT\AAAAADataForISSTA\test_9ASE\AICE_arffs\jitescript.arff,under-sampling,0.942528519,0.930215827,0.932822165,0.964778069,0.28057554,0.291366906,0.056834532,0.067625899,0.223741007
D:\experimental data\ISSTA2016_PMT\AAAAADataForISSTA\test_9ASE\AICE_arffs\jmeter-maven-plugin.arff,under-sampling,0.971428711,0.970469799,0.970632017,0.981055222,0.36442953,0.370469799,0.017449664,0.023489933,0.346979866
D:\experimental data\ISSTA2016_PMT\AAAAADataForISSTA\test_9ASE\AICE_arffs\jmxutils.arff,under-sampling,0.951191796,0.949390244,0.949570138,0.977054245,0.45,0.463414634,0.027439024,0.040853659,0.422560976
D:\experimental data\ISSTA2016_PMT\AAAAADataForISSTA\test_9ASE\AICE_arffs\joss.arff,under-sampling,0.854313599,0.820210255,0.815873578,0.863294317,0.653507831,0.668526067,0.154902381,0.169920618,0.498605449
D:\experimental data\ISSTA2016_PMT\AAAAADataForISSTA\test_9ASE\AICE_arffs\jPopulator.arff,under-sampling,0.898962507,0.872384937,0.873215134,0.929639658,0.532426778,0.55334728,0.119246862,0.140167364,0.413179916
D:\experimental data\ISSTA2016_PMT\AAAAADataForISSTA\test_9ASE\AICE_arffs\jprotobuf.arff,under-sampling,0.876869469,0.745265888,0.771421413,0.888334968,0.432684825,0.454474708,0.237613489,0.259403372,0.195071336
D:\experimental data\ISSTA2016_PMT\AAAAADataForISSTA\test_9ASE\AICE_arffs\jreversepro.arff,under-sampling,0.926311821,0.82940438,0.854445204,0.978503609,0.295299205,0.301297252,0.168921746,0.174919794,0.126377459
D:\experimental data\ISSTA2016_PMT\AAAAADataForISSTA\test_9ASE\AICE_arffs\jsemver.arff,under-sampling,0.942679025,0.944644141,0.943143673,0.891832903,0.878504673,0.920920201,0.016534867,0.058950395,0.861969806
D:\experimental data\ISSTA2016_PMT\AAAAADataForISSTA\test_9ASE\AICE_arffs\jsonrpc4j.arff,under-sampling,0.949684098,0.941396151,0.943400771,0.973792806,0.241022695,0.259120942,0.041941971,0.060040218,0.199080724
D:\experimental data\ISSTA2016_PMT\AAAAADataForISSTA\test_9ASE\AICE_arffs\jtar.arff,under-sampling,0.750834543,0.696844993,0.682741033,0.752583804,0.711934156,0.806584362,0.226337449,0.320987654,0.485596708
D:\experimental data\ISSTA2016_PMT\AAAAADataForISSTA\test_9ASE\AICE_arffs\jumblr.arff,under-sampling,0.916226394,0.911591356,0.912581518,0.960767686,0.380157171,0.413555992,0.037328094,0.070726916,0.342829077
D:\experimental data\ISSTA2016_PMT\AAAAADataForISSTA\test_9ASE\AICE_arffs\kafka-spout.arff,under-sampling,0.85067297,0.855524079,0.824838406,0.790923722,0.937677054,0.966005666,0.121813031,0.150141643,0.815864023
D:\experimental data\ISSTA2016_PMT\AAAAADataForISSTA\test_9ASE\AICE_arffs\kafka-websocket.arff,under-sampling,0.993831713,0.993630573,0.99366901,0.997232419,0.201698514,0.201698514,0.006369427,0.006369427,0.195329087
D:\experimental data\ISSTA2016_PMT\AAAAADataForISSTA\test_9ASE\AICE_arffs\KeptCollections.arff,under-sampling,0.926239339,0.917208752,0.918850791,0.957762613,0.36428149,0.384979302,0.054405677,0.075103489,0.309875813
D:\experimental data\ISSTA2016_PMT\AAAAADataForISSTA\test_9ASE\AICE_arffs\kryo-serializers.arff,under-sampling,0.781143014,0.785178236,0.772819642,0.788697777,0.773921201,0.853658537,0.10412758,0.183864916,0.669793621
D:\experimental data\ISSTA2016_PMT\AAAAADataForISSTA\test_9ASE\AICE_arffs\la4j.arff,under-sampling,0.949143833,0.947487962,0.947525061,0.981254591,0.502225856,0.53166167,0.028890706,0.058326519,0.47333515
D:\experimental data\ISSTA2016_PMT\AAAAADataForISSTA\test_9ASE\AICE_arffs\LastCalc.arff,under-sampling,0.913112586,0.896194985,0.899186662,0.945992937,0.370857443,0.400841662,0.076450991,0.10643521,0.294406453
D:\experimental data\ISSTA2016_PMT\AAAAADataForISSTA\test_9ASE\AICE_arffs\linq4j.arff,under-sampling,0.953762614,0.949878739,0.950890456,0.978048214,0.250336836,0.267942154,0.027665499,0.045270816,0.222671337
D:\experimental data\ISSTA2016_PMT\AAAAADataForISSTA\test_9ASE\AICE_arffs\Liqp.arff,under-sampling,0.877266616,0.869899184,0.864486735,0.883580468,0.73787806,0.760441671,0.092654825,0.115218435,0.645223236
D:\experimental data\ISSTA2016_PMT\AAAAADataForISSTA\test_9ASE\AICE_arffs\log-synth.arff,under-sampling,0.857715899,0.83392435,0.833594529,0.890429177,0.568262411,0.621158392,0.119976359,0.17287234,0.448286052
D:\experimental data\ISSTA2016_PMT\AAAAADataForISSTA\test_9ASE\AICE_arffs\log4j-jsonevent-layout.arff,under-sampling,0.991807402,0.991735537,0.991435718,0.991854637,0.950413223,0.950413223,0.008264463,0.008264463,0.94214876
D:\experimental data\ISSTA2016_PMT\AAAAADataForISSTA\test_9ASE\AICE_arffs\low-gc-membuffers.arff,under-sampling,0.896810419,0.893315327,0.892426208,0.929353167,0.602970966,0.647535449,0.053342336,0.09790682,0.549628629
D:\experimental data\ISSTA2016_PMT\AAAAADataForISSTA\test_9ASE\AICE_arffs\maven-git-commit-id-plugin.arff,under-sampling,0.910100145,0.890371783,0.891320227,0.939239481,0.507149666,0.515729266,0.100095329,0.108674929,0.407054337
D:\experimental data\ISSTA2016_PMT\AAAAADataForISSTA\test_9ASE\AICE_arffs\maven-s3-wagon.arff,under-sampling,0.996734635,0.894514768,0.9423079,0.904334038,0.105485232,0.117088608,0.103375527,0.114978903,0.002109705
D:\experimental data\ISSTA2016_PMT\AAAAADataForISSTA\test_9ASE\AICE_arffs\metrics-statsd.arff,under-sampling,0.989937107,0.978436658,0.982237469,0.999411303,0.040431267,0.040431267,0.021563342,0.021563342,0.018867925
D:\experimental data\ISSTA2016_PMT\AAAAADataForISSTA\test_9ASE\AICE_arffs\microorm.arff,under-sampling,0.973845289,0.96,0.965052632,0.93095313,0.936666667,0.97,-0.026666667,0.006666667,0.963333333
D:\experimental data\ISSTA2016_PMT\AAAAADataForISSTA\test_9ASE\AICE_arffs\mimecraft.arff,under-sampling,0.924102365,0.916317992,0.906052839,0.828205128,0.89958159,0.89958159,0.083682008,0.083682008,0.815899582
D:\experimental data\ISSTA2016_PMT\AAAAADataForISSTA\test_9ASE\AICE_arffs\multi-thread-context.arff,under-sampling,0.973039401,0.972850679,0.972865182,0.990620372,0.524886878,0.542986425,-0.009049774,0.009049774,0.533936652
D:\experimental data\ISSTA2016_PMT\AAAAADataForISSTA\test_9ASE\AICE_arffs\nar-maven-plugin.arff,under-sampling,0.972854702,0.962393976,0.965519326,0.986425261,0.099446079,0.111909295,0.030768565,0.043231781,0.068677514
D:\experimental data\ISSTA2016_PMT\AAAAADataForISSTA\test_9ASE\AICE_arffs\netty-in-action.arff,under-sampling,0.981874408,0.977300613,0.978537103,0.991061893,0.094478528,0.098159509,0.020245399,0.02392638,0.074233129
D:\experimental data\ISSTA2016_PMT\AAAAADataForISSTA\test_9ASE\AICE_arffs\netty-tools.arff,under-sampling,0.933973373,0.919799499,0.922072192,0.958270821,0.35839599,0.370927318,0.070175439,0.082706767,0.288220551
D:\experimental data\ISSTA2016_PMT\AAAAADataForISSTA\test_9ASE\AICE_arffs\obd-java-api.arff,under-sampling,0.905500441,0.885752688,0.885475354,0.936051462,0.564516129,0.571236559,0.106182796,0.112903226,0.458333333
D:\experimental data\ISSTA2016_PMT\AAAAADataForISSTA\test_9ASE\AICE_arffs\parsii.arff,under-sampling,0.857741044,0.826438421,0.81993038,0.833981424,0.69234427,0.710413695,0.153590109,0.171659534,0.538754161
D:\experimental data\ISSTA2016_PMT\AAAAADataForISSTA\test_9ASE\AICE_arffs\patricia-trie.arff,under-sampling,0.909299902,0.895154553,0.895792838,0.936052465,0.506683375,0.529657477,0.084795322,0.107769424,0.421888053
D:\experimental data\ISSTA2016_PMT\AAAAADataForISSTA\test_9ASE\AICE_arffs\PauselessHashMap.arff,under-sampling,0.801982255,0.759581882,0.735360028,0.741289687,0.806039489,0.832752613,0.210220674,0.236933798,0.595818815
D:\experimental data\ISSTA2016_PMT\AAAAADataForISSTA\test_9ASE\AICE_arffs\photon-core.arff,under-sampling,0.887476932,0.842696629,0.849783155,0.965,0.415730337,0.426966292,0.134831461,0.146067416,0.280898876
D:\experimental data\ISSTA2016_PMT\AAAAADataForISSTA\test_9ASE\AICE_arffs\pollexor.arff,under-sampling,0.980590482,0.980636238,0.980575886,0.997655401,0.272475795,0.286307054,-0.005532503,0.008298755,0.278008299
D:\experimental data\ISSTA2016_PMT\AAAAADataForISSTA\test_9ASE\AICE_arffs\proguard-maven-plugin.arff,under-sampling,0.984566851,0.978007762,0.979805908,0.991695089,0.07373868,0.07373868,0.021992238,0.021992238,0.051746442
D:\experimental data\ISSTA2016_PMT\AAAAADataForISSTA\test_9ASE\AICE_arffs\protoparser.arff,under-sampling,0.976088287,0.975912683,0.975920802,0.983905556,0.485886338,0.496048175,0.009032744,0.01919458,0.476853594
D:\experimental data\ISSTA2016_PMT\AAAAADataForISSTA\test_9ASE\AICE_arffs\pusher-websocket-java.arff,under-sampling,0.94247424,0.937752627,0.937979549,0.970122647,0.48585287,0.498787389,0.047696039,0.060630558,0.438156831
D:\experimental data\ISSTA2016_PMT\AAAAADataForISSTA\test_9ASE\AICE_arffs\raml-java-parser.arff,under-sampling,0.910195571,0.898752751,0.897376324,0.932018465,0.619955979,0.629860602,0.086573734,0.096478357,0.533382245
D:\experimental data\ISSTA2016_PMT\AAAAADataForISSTA\test_9ASE\AICE_arffs\redline-smalltalk.arff,under-sampling,0.877098449,0.844692005,0.848965732,0.91835824,0.449541284,0.484054172,0.119047619,0.153560507,0.330493665
D:\experimental data\ISSTA2016_PMT\AAAAADataForISSTA\test_9ASE\AICE_arffs\redline.arff,under-sampling,0.889271805,0.840759679,0.846848138,0.89644031,0.451911371,0.468955442,0.147552958,0.164597029,0.304358412
D:\experimental data\ISSTA2016_PMT\AAAAADataForISSTA\test_9ASE\AICE_arffs\RestFixture.arff,under-sampling,0.942806936,0.93561295,0.93640397,0.963635281,0.419061477,0.427064387,0.054201528,0.062204438,0.364859949
D:\experimental data\ISSTA2016_PMT\AAAAADataForISSTA\test_9ASE\AICE_arffs\rome.arff,under-sampling,0.878746228,0.840728224,0.843255391,0.908699285,0.514117519,0.538100948,0.140085032,0.164068462,0.374032487
D:\experimental data\ISSTA2016_PMT\AAAAADataForISSTA\test_9ASE\AICE_arffs\rtree.arff,under-sampling,0.863817441,0.860759494,0.855484381,0.864465913,0.738029719,0.772702256,0.080902587,0.115575124,0.657127133
D:\experimental data\ISSTA2016_PMT\AAAAADataForISSTA\test_9ASE\AICE_arffs\SansOrm.arff,under-sampling,0.998901099,0.996153846,0.997218511,1,0.005384615,0.006923077,0.003846154,0.005384615,0.001538462
D:\experimental data\ISSTA2016_PMT\AAAAADataForISSTA\test_9ASE\AICE_arffs\scribe-java.arff,under-sampling,0.928015356,0.914408867,0.916693204,0.966057122,0.362068966,0.376847291,0.068349754,0.083128079,0.293719212
D:\experimental data\ISSTA2016_PMT\AAAAADataForISSTA\test_9ASE\AICE_arffs\scrypt.arff,under-sampling,0.88525601,0.890977444,0.886327802,0.828728505,0.85056391,0.891917293,0.035714286,0.077067669,0.814849624
D:\experimental data\ISSTA2016_PMT\AAAAADataForISSTA\test_9ASE\AICE_arffs\skype-java-api.arff,under-sampling,0.984845844,0.982817869,0.983368913,0.993116827,0.101465003,0.104177971,0.01356484,0.016277808,0.087900163
D:\experimental data\ISSTA2016_PMT\AAAAADataForISSTA\test_9ASE\AICE_arffs\sonar-objective-c.arff,under-sampling,0.953324613,0.946764092,0.948149858,0.98065066,0.276617954,0.28914405,0.040709812,0.053235908,0.235908142
D:\experimental data\ISSTA2016_PMT\AAAAADataForISSTA\test_9ASE\AICE_arffs\spatial4j.arff,under-sampling,0.915464417,0.902531646,0.903694782,0.939101409,0.462183544,0.476582278,0.076582278,0.090981013,0.385601266
D:\experimental data\ISSTA2016_PMT\AAAAADataForISSTA\test_9ASE\AICE_arffs\spr-mvc-hib.arff,under-sampling,0.970228091,0.739495798,0.822738991,0.87826087,0.294117647,0.294117647,0.260504202,0.260504202,0.033613445
D:\experimental data\ISSTA2016_PMT\AAAAADataForISSTA\test_9ASE\AICE_arffs\spring-data-commons.arff,under-sampling,0.881802926,0.863147605,0.859284608,0.90344775,0.6727095,0.696614236,0.117302053,0.141206789,0.555407447
D:\experimental data\ISSTA2016_PMT\AAAAADataForISSTA\test_9ASE\AICE_arffs\spring-data-envers.arff,under-sampling,0.954428515,0.950617284,0.951153611,0.985259434,0.617283951,0.660493827,-0.037037037,0.00617284,0.654320988
D:\experimental data\ISSTA2016_PMT\AAAAADataForISSTA\test_9ASE\AICE_arffs\spring-elasticsearch.arff,under-sampling,0.870903825,0.832706767,0.83526303,0.899570783,0.516917293,0.541353383,0.140977444,0.165413534,0.37593985
D:\experimental data\ISSTA2016_PMT\AAAAADataForISSTA\test_9ASE\AICE_arffs\spring-mvc-showcase.arff,under-sampling,0.915249844,0.911330049,0.904361972,0.830369357,0.852216749,0.866995074,0.075533662,0.090311987,0.776683087
D:\experimental data\ISSTA2016_PMT\AAAAADataForISSTA\test_9ASE\AICE_arffs\spring-rest-service-oauth.arff,under-sampling,0.972744173,0.972972973,0.9727342,0.983146067,0.810810811,0.81981982,0.009009009,0.018018018,0.801801802
D:\experimental data\ISSTA2016_PMT\AAAAADataForISSTA\test_9ASE\AICE_arffs\spring-retry.arff,under-sampling,0.882932368,0.868022953,0.864107498,0.90706614,0.682316119,0.699008868,0.107981221,0.12467397,0.574334898
D:\experimental data\ISSTA2016_PMT\AAAAADataForISSTA\test_9ASE\AICE_arffs\stateless4j.arff,under-sampling,0.913072296,0.902555911,0.902201804,0.949733828,0.562300319,0.575079872,0.07827476,0.091054313,0.484025559
D:\experimental data\ISSTA2016_PMT\AAAAADataForISSTA\test_9ASE\AICE_arffs\statsd-jvm-profiler.arff,under-sampling,0.947472002,0.945544554,0.945902653,0.963948422,0.387788779,0.405940594,0.024752475,0.04290429,0.363036304
D:\experimental data\ISSTA2016_PMT\AAAAADataForISSTA\test_9ASE\AICE_arffs\storm-elastic-search.arff,under-sampling,0.996875,0.984375,0.989521574,0.98627451,0.01953125,0.0234375,0.015625,0.01953125,0.00390625
D:\experimental data\ISSTA2016_PMT\AAAAADataForISSTA\test_9ASE\AICE_arffs\storm-jms.arff,under-sampling,0.989587791,0.989473684,0.98869265,1,0.028947368,0.039473684,-0.010526316,0,0.039473684
D:\experimental data\ISSTA2016_PMT\AAAAADataForISSTA\test_9ASE\AICE_arffs\storm-pattern.arff,under-sampling,0.919494623,0.913143736,0.914130284,0.946832637,0.412759416,0.442736357,0.048424289,0.07840123,0.364335127
D:\experimental data\ISSTA2016_PMT\AAAAADataForISSTA\test_9ASE\AICE_arffs\swagger-maven-plugin.arff,under-sampling,0.97420877,0.969610297,0.970993297,0.986146839,0.109760458,0.120486235,0.020378977,0.031104755,0.08938148
D:\experimental data\ISSTA2016_PMT\AAAAADataForISSTA\test_9ASE\AICE_arffs\TProfiler.arff,under-sampling,0.998904483,0.998845266,0.998860119,0.99996811,0.022517321,0.022517321,0.001154734,0.001154734,0.021362587
D:\experimental data\ISSTA2016_PMT\AAAAADataForISSTA\test_9ASE\AICE_arffs\urlbuilder.arff,under-sampling,0.853374022,0.864799026,0.850919659,0.750287727,0.887941535,0.930572473,0.074299635,0.116930572,0.8136419
D:\experimental data\ISSTA2016_PMT\AAAAADataForISSTA\test_9ASE\AICE_arffs\visualee.arff,under-sampling,0.923774864,0.884153661,0.892402779,0.948304086,0.309123649,0.31452581,0.109843938,0.115246098,0.199279712
D:\experimental data\ISSTA2016_PMT\AAAAADataForISSTA\test_9ASE\AICE_arffs\warcbase.arff,under-sampling,0.977316645,0.973600845,0.974558902,0.989171618,0.13875396,0.142555438,0.021752904,0.025554382,0.117001056
D:\experimental data\ISSTA2016_PMT\AAAAADataForISSTA\test_9ASE\AICE_arffs\webapp-runner.arff,under-sampling,0.997982022,0.997890295,0.997912568,0.999597747,0.048523207,0.048523207,0.002109705,0.002109705,0.046413502
D:\experimental data\ISSTA2016_PMT\AAAAADataForISSTA\test_9ASE\AICE_arffs\webbit.arff,under-sampling,0.932351517,0.925154095,0.925932612,0.95396789,0.435867332,0.45142354,0.054886997,0.070443205,0.380980335
D:\experimental data\ISSTA2016_PMT\AAAAADataForISSTA\test_9ASE\AICE_arffs\webprotege.arff,under-sampling,0.981009268,0.979186825,0.979744984,0.994330017,0.107087143,0.116210185,0.01220355,0.021326593,0.094883592
D:\experimental data\ISSTA2016_PMT\AAAAADataForISSTA\test_9ASE\AICE_arffs\wsc.arff,under-sampling,0.960647459,0.937901639,0.944604619,0.971810084,0.137180328,0.151737705,0.054229508,0.068786885,0.08295082
D:\experimental data\ISSTA2016_PMT\AAAAADataForISSTA\test_9ASE\AICE_arffs\wsdoc.arff,under-sampling,0.971257672,0.96969697,0.970144798,0.987340261,0.202020202,0.212752525,0.015151515,0.025883838,0.186868687
D:\experimental data\ISSTA2016_PMT\AAAAADataForISSTA\test_9ASE\AICE_arffs\xembly.arff,under-sampling,0.890823671,0.872655479,0.871721532,0.921516393,0.587364265,0.603158934,0.105626851,0.12142152,0.481737414
D:\experimental data\ISSTA2016_PMT\AAAAADataForISSTA\test_9ASE\AICE_arffs\xsoup.arff,under-sampling,0.953192646,0.949973104,0.950442123,0.977521002,0.387842926,0.401291017,0.033889188,0.047337278,0.353953739
D:\experimental data\ISSTA2016_PMT\AAAAADataForISSTA\test_9ASE\AICE_arffs\zt-exec.arff,under-sampling,0.932114721,0.907296137,0.913039474,0.970998853,0.265236052,0.286695279,0.078969957,0.100429185,0.186266094
D:\experimental data\ISSTA2016_PMT\AAAAADataForISSTA\test_9ASE\AICE_arffs\zt-zip.arff,under-sampling,0.897485021,0.857061665,0.864321917,0.924924383,0.379937482,0.396135266,0.121909633,0.138107417,0.258027849
D:\experimental data\ISSTA2016_PMT\AAAAADataForISSTA\test_9ASE\AICE_arffs\aho-corasick.arff,cost sensitive,0.943191254,0.938016529,0.9386246,0.968428058,0.419421488,0.42768595,0.045454545,0.053719008,0.373966942
D:\experimental data\ISSTA2016_PMT\AAAAADataForISSTA\test_9ASE\AICE_arffs\anomaly-detection.arff,cost sensitive,0.959946595,0.887850467,0.910845606,0.94551495,0.174454829,0.174454829,0.112149533,0.112149533,0.062305296
D:\experimental data\ISSTA2016_PMT\AAAAADataForISSTA\test_9ASE\AICE_arffs\apk-parser.arff,cost sensitive,1,1,1,1,0.001231148,0.001231148,0,0,0.001231148
D:\experimental data\ISSTA2016_PMT\AAAAADataForISSTA\test_9ASE\AICE_arffs\appengine-guestbook-java.arff,cost sensitive,1,1,1,1,0.414634146,0.414634146,0,0,0.414634146
D:\experimental data\ISSTA2016_PMT\AAAAADataForISSTA\test_9ASE\AICE_arffs\are-we-consistent-yet.arff,cost sensitive,0.997903564,0.997641509,0.997709458,0.999098558,0.021226415,0.021226415,0.002358491,0.002358491,0.018867925
D:\experimental data\ISSTA2016_PMT\AAAAADataForISSTA\test_9ASE\AICE_arffs\ashot.arff,cost sensitive,0.846697476,0.816326531,0.805975598,0.871992846,0.738243123,0.768411713,0.160603372,0.190771961,0.577639752
D:\experimental data\ISSTA2016_PMT\AAAAADataForISSTA\test_9ASE\AICE_arffs\brickhouse.arff,cost sensitive,0.991632077,0.989946468,0.990429204,0.996639364,0.046481264,0.047525787,0.008486748,0.00953127,0.037994516
D:\experimental data\ISSTA2016_PMT\AAAAADataForISSTA\test_9ASE\AICE_arffs\byteunits.arff,cost sensitive,0.953917051,0.935483871,0.939569892,1,0.225806452,0.225806452,0.064516129,0.064516129,0.161290323
D:\experimental data\ISSTA2016_PMT\AAAAADataForISSTA\test_9ASE\AICE_arffs\cassandra-reaper.arff,cost sensitive,0.960391882,0.945863747,0.949266521,0.978768592,0.194444444,0.196877534,0.052919708,0.055352798,0.141524736
D:\experimental data\ISSTA2016_PMT\AAAAADataForISSTA\test_9ASE\AICE_arffs\chromecast-java-api-v2.arff,cost sensitive,0.88152509,0.817391304,0.826586152,0.898961211,0.446195652,0.466847826,0.168478261,0.189130435,0.277717391
D:\experimental data\ISSTA2016_PMT\AAAAADataForISSTA\test_9ASE\AICE_arffs\clojure-maven-plugin.arff,cost sensitive,0.99118781,0.987271281,0.988386463,0.992788243,0.041368337,0.042163882,0.012728719,0.013524264,0.028639618
D:\experimental data\ISSTA2016_PMT\AAAAADataForISSTA\test_9ASE\AICE_arffs\cloudhopper-smpp.arff,cost sensitive,0.938081202,0.929162248,0.929843411,0.951328401,0.457900318,0.46447508,0.063626723,0.070201485,0.394273595
D:\experimental data\ISSTA2016_PMT\AAAAADataForISSTA\test_9ASE\AICE_arffs\compress.arff,cost sensitive,0.8872947,0.863310868,0.861144704,0.905979588,0.624894693,0.634582982,0.124473463,0.134161752,0.50042123
D:\experimental data\ISSTA2016_PMT\AAAAADataForISSTA\test_9ASE\AICE_arffs\computoser.arff,cost sensitive,0.983346619,0.971301894,0.974975713,0.989125775,0.065457477,0.066021765,0.027891979,0.028456268,0.037565498
D:\experimental data\ISSTA2016_PMT\AAAAADataForISSTA\test_9ASE\AICE_arffs\Confucius.arff,cost sensitive,0.971540268,0.970588235,0.970382059,0.965626219,0.641176471,0.643137255,0.025490196,0.02745098,0.615686275
D:\experimental data\ISSTA2016_PMT\AAAAADataForISSTA\test_9ASE\AICE_arffs\cors-filter.arff,cost sensitive,0.709609264,0.805,0.737593247,0.679502692,0.9775,1,0.16,0.1825,0.8175
D:\experimental data\ISSTA2016_PMT\AAAAADataForISSTA\test_9ASE\AICE_arffs\crawler4j.arff,cost sensitive,0.984744029,0.97954313,0.980920184,0.99007382,0.080463689,0.081486533,0.02045687,0.021479714,0.060006819
D:\experimental data\ISSTA2016_PMT\AAAAADataForISSTA\test_9ASE\AICE_arffs\css-selectors.arff,cost sensitive,0.925708624,0.917710197,0.91499693,0.915000938,0.722271914,0.725402504,0.077817531,0.080948122,0.644454383
D:\experimental data\ISSTA2016_PMT\AAAAADataForISSTA\test_9ASE\AICE_arffs\csv-serde.arff,cost sensitive,0.904748982,0.881818182,0.88040738,0.953042328,0.609090909,0.609090909,0.118181818,0.118181818,0.490909091
D:\experimental data\ISSTA2016_PMT\AAAAADataForISSTA\test_9ASE\AICE_arffs\cucumber-reporting.arff,cost sensitive,0.902707303,0.867005506,0.869773036,0.931035142,0.489199492,0.489623041,0.132147395,0.132570945,0.357052097
D:\experimental data\ISSTA2016_PMT\AAAAADataForISSTA\test_9ASE\AICE_arffs\ddd-cqrs-sample.arff,cost sensitive,0.975132078,0.974744438,0.974646384,0.979434083,0.618159952,0.622970535,0.016837041,0.021647625,0.60132291
D:\experimental data\ISSTA2016_PMT\AAAAADataForISSTA\test_9ASE\AICE_arffs\DiskLruCache.arff,cost sensitive,0.836192162,0.831213873,0.805677398,0.756237025,0.89017341,0.912138728,0.138728324,0.160693642,0.751445087
D:\experimental data\ISSTA2016_PMT\AAAAADataForISSTA\test_9ASE\AICE_arffs\dropwizard-configurable-assets-bundle.arff,cost sensitive,0.953021654,0.939929329,0.942406929,0.964702407,0.275618375,0.275618375,0.060070671,0.060070671,0.215547703
D:\experimental data\ISSTA2016_PMT\AAAAADataForISSTA\test_9ASE\AICE_arffs\dropwizard-guice.arff,cost sensitive,0.740049986,0.711678832,0.6789781,0.769706208,0.821167883,0.861313869,0.222627737,0.262773723,0.598540146
D:\experimental data\ISSTA2016_PMT\AAAAADataForISSTA\test_9ASE\AICE_arffs\dropwizard-quartz.arff,cost sensitive,0.871794872,0.848484848,0.791666667,0.566115702,0.984848485,0.984848485,0.151515152,0.151515152,0.833333333
D:\experimental data\ISSTA2016_PMT\AAAAADataForISSTA\test_9ASE\AICE_arffs\efflux.arff,cost sensitive,0.917342209,0.89159292,0.894522808,0.950222342,0.431731985,0.43710493,0.105246523,0.110619469,0.326485461
D:\experimental data\ISSTA2016_PMT\AAAAADataForISSTA\test_9ASE\AICE_arffs\elasticsearch-readonlyrest-plugin.arff,cost sensitive,0.894211266,0.885304659,0.884015239,0.929801939,0.609318996,0.630824373,0.078853047,0.100358423,0.53046595
D:\experimental data\ISSTA2016_PMT\AAAAADataForISSTA\test_9ASE\AICE_arffs\elasticsearch-reindex.arff,cost sensitive,0.948086592,0.929608939,0.933311305,0.973191382,0.268156425,0.268156425,0.070391061,0.070391061,0.197765363
D:\experimental data\ISSTA2016_PMT\AAAAADataForISSTA\test_9ASE\AICE_arffs\evernote-sdk-java.arff,cost sensitive,0.999141654,0.998722596,0.99885772,0.9996822,0.003193511,0.003385121,0.001117729,0.001309339,0.002075782
D:\experimental data\ISSTA2016_PMT\AAAAADataForISSTA\test_9ASE\AICE_arffs\evo-inflector.arff,cost sensitive,0.990430622,0.990430622,0.990430622,0.996238532,0.4784689,0.483253589,0,0.004784689,0.4784689
D:\experimental data\ISSTA2016_PMT\AAAAADataForISSTA\test_9ASE\AICE_arffs\ews-java-api.arff,cost sensitive,0.985111403,0.977917624,0.979947166,0.988573591,0.067076158,0.067302257,0.021931643,0.022157742,0.045144515
D:\experimental data\ISSTA2016_PMT\AAAAADataForISSTA\test_9ASE\AICE_arffs\exp4j.arff,cost sensitive,0.966483051,0.96440678,0.964164459,0.966751615,0.610169492,0.610169492,0.03559322,0.03559322,0.574576271
D:\experimental data\ISSTA2016_PMT\AAAAADataForISSTA\test_9ASE\AICE_arffs\expiringmap.arff,cost sensitive,0.970324781,0.962479608,0.964250561,0.979895984,0.179445351,0.179445351,0.037520392,0.037520392,0.141924959
D:\experimental data\ISSTA2016_PMT\AAAAADataForISSTA\test_9ASE\AICE_arffs\fastweixin.arff,cost sensitive,0.985923964,0.978077572,0.980673395,0.990312021,0.045531197,0.049465992,0.017987634,0.021922428,0.027543564
D:\experimental data\ISSTA2016_PMT\AAAAADataForISSTA\test_9ASE\AICE_arffs\flip-tables.arff,cost sensitive,0.90922918,0.932330827,0.911728519,0.593062798,0.984962406,0.992481203,0.052631579,0.060150376,0.932330827
D:\experimental data\ISSTA2016_PMT\AAAAADataForISSTA\test_9ASE\AICE_arffs\gdx-artemis.arff,cost sensitive,0.892871291,0.871520343,0.86857138,0.900360191,0.652391149,0.656673804,0.119914347,0.124197002,0.532476802
D:\experimental data\ISSTA2016_PMT\AAAAADataForISSTA\test_9ASE\AICE_arffs\gelfj.arff,cost sensitive,0.865484693,0.774680604,0.782301317,0.869416474,0.535423926,0.542392567,0.220673635,0.227642276,0.31475029
D:\experimental data\ISSTA2016_PMT\AAAAADataForISSTA\test_9ASE\AICE_arffs\GenericTree.arff,cost sensitive,0.924095189,0.916299559,0.906110516,0.941055341,0.898678414,0.898678414,0.083700441,0.083700441,0.814977974
D:\experimental data\ISSTA2016_PMT\AAAAADataForISSTA\test_9ASE\AICE_arffs\geo.arff,cost sensitive,0.890658871,0.886363636,0.878859567,0.845703125,0.813636364,0.829545455,0.086363636,0.102272727,0.727272727
D:\experimental data\ISSTA2016_PMT\AAAAADataForISSTA\test_9ASE\AICE_arffs\geocluster-facet.arff,cost sensitive,0.918635764,0.902298851,0.901618836,0.945580665,0.584291188,0.584291188,0.097701149,0.097701149,0.486590038
D:\experimental data\ISSTA2016_PMT\AAAAADataForISSTA\test_9ASE\AICE_arffs\geohash-java.arff,cost sensitive,0.856938469,0.831300813,0.796797977,0.769757649,0.920054201,0.932926829,0.164634146,0.177506775,0.755420054
D:\experimental data\ISSTA2016_PMT\AAAAADataForISSTA\test_9ASE\AICE_arffs\geoip-api-java.arff,cost sensitive,0.970745412,0.959528628,0.962348502,0.977225477,0.143316272,0.143673372,0.039995239,0.040352339,0.103321033
D:\experimental data\ISSTA2016_PMT\AAAAADataForISSTA\test_9ASE\AICE_arffs\geojson-jackson.arff,cost sensitive,0.933910307,0.922580645,0.922696697,0.958398109,0.529032258,0.529032258,0.077419355,0.077419355,0.451612903
D:\experimental data\ISSTA2016_PMT\AAAAADataForISSTA\test_9ASE\AICE_arffs\getdown.arff,cost sensitive,0.994726296,0.9923771,0.993056542,0.997363233,0.024735532,0.024735532,0.0076229,0.0076229,0.017112632
D:\experimental data\ISSTA2016_PMT\AAAAADataForISSTA\test_9ASE\AICE_arffs\glacieruploader.arff,cost sensitive,0.913746898,0.88172043,0.885360557,0.899895139,0.436827957,0.436827957,0.11827957,0.11827957,0.318548387
D:\experimental data\ISSTA2016_PMT\AAAAADataForISSTA\test_9ASE\AICE_arffs\greplin-bloom-filter.arff,cost sensitive,0.783201238,0.740890688,0.71483394,0.789238055,0.804318489,0.827260459,0.218623482,0.241565452,0.585695007
D:\experimental data\ISSTA2016_PMT\AAAAADataForISSTA\test_9ASE\AICE_arffs\greplin-lucene-utils.arff,cost sensitive,0.975000558,0.971618625,0.972445866,0.990492071,0.171618625,0.176496674,0.023059867,0.027937916,0.148558758
D:\experimental data\ISSTA2016_PMT\AAAAADataForISSTA\test_9ASE\AICE_arffs\greplin-zookeeper-utils.arff,cost sensitive,0.850930565,0.799212598,0.78264188,0.794042851,0.779527559,0.779527559,0.200787402,0.200787402,0.578740157
D:\experimental data\ISSTA2016_PMT\AAAAADataForISSTA\test_9ASE\AICE_arffs\gson-fire.arff,cost sensitive,0.858011468,0.8089701,0.800224383,0.877618109,0.709302326,0.720930233,0.187707641,0.199335548,0.521594684
D:\experimental data\ISSTA2016_PMT\AAAAADataForISSTA\test_9ASE\AICE_arffs\gwt-bootstrap.arff,cost sensitive,1,1,1,1,0.002033792,0.002033792,0,0,0.002033792
D:\experimental data\ISSTA2016_PMT\AAAAADataForISSTA\test_9ASE\AICE_arffs\hadoop-book.arff,cost sensitive,0.991782015,0.985706723,0.987633015,0.993320913,0.031762837,0.032292218,0.013763896,0.014293277,0.017998941
D:\experimental data\ISSTA2016_PMT\AAAAADataForISSTA\test_9ASE\AICE_arffs\hashids-java.arff,cost sensitive,0.934778005,0.927789934,0.925129685,0.925771376,0.746170678,0.750547046,0.072210066,0.076586433,0.673960613
D:\experimental data\ISSTA2016_PMT\AAAAADataForISSTA\test_9ASE\AICE_arffs\HTTP-Proxy-Servlet.arff,cost sensitive,0.989449622,0.988394584,0.98863256,0.996207148,0.127659574,0.127659574,0.011605416,0.011605416,0.116054159
D:\experimental data\ISSTA2016_PMT\AAAAADataForISSTA\test_9ASE\AICE_arffs\IClojure.arff,cost sensitive,0.985740552,0.985309549,0.985474066,0.997168554,0.087093389,0.092339979,0.004197272,0.009443861,0.082896118
D:\experimental data\ISSTA2016_PMT\AAAAADataForISSTA\test_9ASE\AICE_arffs\invokebinder.arff,cost sensitive,0.953577357,0.949286066,0.949596062,0.965595322,0.453471196,0.457902511,0.043820778,0.048252093,0.409650419
D:\experimental data\ISSTA2016_PMT\AAAAADataForISSTA\test_9ASE\AICE_arffs\jackson-dataformat-csv.arff,cost sensitive,0.931564382,0.91276252,0.915322418,0.96002065,0.386824628,0.390235146,0.085083468,0.088493987,0.30174116
D:\experimental data\ISSTA2016_PMT\AAAAADataForISSTA\test_9ASE\AICE_arffs\jackson-datatype-guava.arff,cost sensitive,0.899451606,0.873107426,0.873318011,0.935641677,0.55371305,0.565248738,0.12112473,0.132660418,0.43258832
D:\experimental data\ISSTA2016_PMT\AAAAADataForISSTA\test_9ASE\AICE_arffs\jackson-datatype-joda.arff,cost sensitive,0.886036757,0.857279693,0.855130361,0.852250151,0.622605364,0.62835249,0.135057471,0.140804598,0.487547893
D:\experimental data\ISSTA2016_PMT\AAAAADataForISSTA\test_9ASE\AICE_arffs\jackson-module-afterburner.arff,cost sensitive,0.871403843,0.836945304,0.828031254,0.847895122,0.734434125,0.738906089,0.160302718,0.164774682,0.574131407
D:\experimental data\ISSTA2016_PMT\AAAAADataForISSTA\test_9ASE\AICE_arffs\JActor.arff,cost sensitive,0.855540853,0.790726817,0.791501015,0.860722638,0.588972431,0.600250627,0.196741855,0.20802005,0.392230576
D:\experimental data\ISSTA2016_PMT\AAAAADataForISSTA\test_9ASE\AICE_arffs\JAdventure.arff,cost sensitive,0.97528062,0.960833145,0.964841945,0.989566049,0.106180666,0.108218248,0.039166855,0.041204437,0.06701381
D:\experimental data\ISSTA2016_PMT\AAAAADataForISSTA\test_9ASE\AICE_arffs\java-grok.arff,cost sensitive,0.958469229,0.952034884,0.952896062,0.971964418,0.35755814,0.359011628,0.047965116,0.049418605,0.309593023
D:\experimental data\ISSTA2016_PMT\AAAAADataForISSTA\test_9ASE\AICE_arffs\java-jwt.arff,cost sensitive,0.916992581,0.907859079,0.892047623,0.777238403,0.929539295,0.929539295,0.092140921,0.092140921,0.837398374
D:\experimental data\ISSTA2016_PMT\AAAAADataForISSTA\test_9ASE\AICE_arffs\java-libpst.arff,cost sensitive,0.953069032,0.931064828,0.936218618,0.962687788,0.212965679,0.213699032,0.068348489,0.069081842,0.14461719
D:\experimental data\ISSTA2016_PMT\AAAAADataForISSTA\test_9ASE\AICE_arffs\java-merge-sort.arff,cost sensitive,0.912266126,0.877427184,0.882507238,0.928904962,0.400485437,0.40776699,0.117718447,0.125,0.28276699
D:\experimental data\ISSTA2016_PMT\AAAAADataForISSTA\test_9ASE\AICE_arffs\java-sizeof.arff,cost sensitive,0.970191123,0.9626401,0.964455403,0.987024151,0.165628892,0.169364882,0.03486924,0.03860523,0.130759651
D:\experimental data\ISSTA2016_PMT\AAAAADataForISSTA\test_9ASE\AICE_arffs\java-uuid-generator.arff,cost sensitive,0.953266362,0.943352601,0.945180084,0.975629175,0.290751445,0.292485549,0.053179191,0.054913295,0.237572254
D:\experimental data\ISSTA2016_PMT\AAAAADataForISSTA\test_9ASE\AICE_arffs\javacpp.arff,cost sensitive,0.991871011,0.989509426,0.99017127,0.995288201,0.042570444,0.042874519,0.009882424,0.010186499,0.032688019
D:\experimental data\ISSTA2016_PMT\AAAAADataForISSTA\test_9ASE\AICE_arffs\javapoet.arff,cost sensitive,0.900402558,0.886717557,0.881507426,0.863391071,0.740763359,0.747175573,0.104732824,0.111145038,0.636030534
D:\experimental data\ISSTA2016_PMT\AAAAADataForISSTA\test_9ASE\AICE_arffs\javatuples.arff,cost sensitive,0.979224941,0.963903334,0.968416539,0.984676544,0.085041297,0.085041297,0.036096666,0.036096666,0.048944631
D:\experimental data\ISSTA2016_PMT\AAAAADataForISSTA\test_9ASE\AICE_arffs\JavaVerbalExpressions.arff,cost sensitive,0.936376816,0.933717579,0.927553506,0.918655292,0.893371758,0.899135447,0.060518732,0.066282421,0.832853026
D:\experimental data\ISSTA2016_PMT\AAAAADataForISSTA\test_9ASE\AICE_arffs\jenkins-ansicolor-plugin.arff,cost sensitive,0.903844799,0.885985748,0.886012766,0.926929392,0.548693587,0.560570071,0.09976247,0.111638955,0.448931116
D:\experimental data\ISSTA2016_PMT\AAAAADataForISSTA\test_9ASE\AICE_arffs\jenkins-sonar-plugin.arff,cost sensitive,1,1,1,1,0.582959641,0.582959641,0,0,0.582959641
D:\experimental data\ISSTA2016_PMT\AAAAADataForISSTA\test_9ASE\AICE_arffs\jetty-session-redis.arff,cost sensitive,0.942731952,0.910139648,0.917613428,0.960503391,0.245901639,0.248127909,0.089455576,0.091681846,0.156446064
D:\experimental data\ISSTA2016_PMT\AAAAADataForISSTA\test_9ASE\AICE_arffs\jieba-analysis.arff,cost sensitive,0.886107014,0.672623883,0.711320146,0.86006037,0.502030869,0.502030869,0.327376117,0.327376117,0.174654752
D:\experimental data\ISSTA2016_PMT\AAAAADataForISSTA\test_9ASE\AICE_arffs\jInstagram.arff,cost sensitive,0.984249581,0.98105683,0.98189972,0.993024948,0.094715852,0.095712861,0.016949153,0.017946162,0.0777667
D:\experimental data\ISSTA2016_PMT\AAAAADataForISSTA\test_9ASE\AICE_arffs\jitescript.arff,cost sensitive,0.943427679,0.930935252,0.933541119,0.973559834,0.281294964,0.291366906,0.057553957,0.067625899,0.223741007
D:\experimental data\ISSTA2016_PMT\AAAAADataForISSTA\test_9ASE\AICE_arffs\jmeter-maven-plugin.arff,cost sensitive,0.977999465,0.976510067,0.976679498,0.984519459,0.370469799,0.370469799,0.023489933,0.023489933,0.346979866
D:\experimental data\ISSTA2016_PMT\AAAAADataForISSTA\test_9ASE\AICE_arffs\jmxutils.arff,cost sensitive,0.961340238,0.957926829,0.958121589,0.974291108,0.462195122,0.463414634,0.039634146,0.040853659,0.422560976
D:\experimental data\ISSTA2016_PMT\AAAAADataForISSTA\test_9ASE\AICE_arffs\joss.arff,cost sensitive,0.86903636,0.827719374,0.822856025,0.858591856,0.665736966,0.668526067,0.167131517,0.169920618,0.498605449
D:\experimental data\ISSTA2016_PMT\AAAAADataForISSTA\test_9ASE\AICE_arffs\jPopulator.arff,cost sensitive,0.895338169,0.859832636,0.86049101,0.922929218,0.55334728,0.55334728,0.140167364,0.140167364,0.413179916
D:\experimental data\ISSTA2016_PMT\AAAAADataForISSTA\test_9ASE\AICE_arffs\jprotobuf.arff,cost sensitive,0.88899379,0.742412451,0.769097477,0.883665807,0.452658885,0.454474708,0.257587549,0.259403372,0.195071336
D:\experimental data\ISSTA2016_PMT\AAAAADataForISSTA\test_9ASE\AICE_arffs\jreversepro.arff,cost sensitive,0.926447088,0.825080206,0.851105142,0.976926404,0.301018273,0.301297252,0.174640815,0.174919794,0.126377459
D:\experimental data\ISSTA2016_PMT\AAAAADataForISSTA\test_9ASE\AICE_arffs\jsemver.arff,cost sensitive,0.947658767,0.948238677,0.944573626,0.891326539,0.900790798,0.920920201,0.038820992,0.058950395,0.861969806
D:\experimental data\ISSTA2016_PMT\AAAAADataForISSTA\test_9ASE\AICE_arffs\jsonrpc4j.arff,cost sensitive,0.953617612,0.941108877,0.943673616,0.976824455,0.255099109,0.259120942,0.056018386,0.060040218,0.199080724
D:\experimental data\ISSTA2016_PMT\AAAAADataForISSTA\test_9ASE\AICE_arffs\jtar.arff,cost sensitive,0.775698787,0.672153635,0.642667269,0.715947269,0.788751715,0.806584362,0.303155007,0.320987654,0.485596708
D:\experimental data\ISSTA2016_PMT\AAAAADataForISSTA\test_9ASE\AICE_arffs\jumblr.arff,cost sensitive,0.943561856,0.933202358,0.934354638,0.961806314,0.407662083,0.413555992,0.064833006,0.070726916,0.342829077
D:\experimental data\ISSTA2016_PMT\AAAAADataForISSTA\test_9ASE\AICE_arffs\kafka-spout.arff,cost sensitive,0.867443427,0.855524079,0.817488029,0.78707265,0.954674221,0.966005666,0.138810198,0.150141643,0.815864023
D:\experimental data\ISSTA2016_PMT\AAAAADataForISSTA\test_9ASE\AICE_arffs\kafka-websocket.arff,cost sensitive,0.993831713,0.993630573,0.99366901,0.997748652,0.201698514,0.201698514,0.006369427,0.006369427,0.195329087
D:\experimental data\ISSTA2016_PMT\AAAAADataForISSTA\test_9ASE\AICE_arffs\KeptCollections.arff,cost sensitive,0.936595084,0.923713779,0.925531495,0.958288363,0.379065642,0.384979302,0.069189829,0.075103489,0.309875813
D:\experimental data\ISSTA2016_PMT\AAAAADataForISSTA\test_9ASE\AICE_arffs\kryo-serializers.arff,cost sensitive,0.801187571,0.792682927,0.772826711,0.787094952,0.818949343,0.853658537,0.149155722,0.183864916,0.669793621
D:\experimental data\ISSTA2016_PMT\AAAAADataForISSTA\test_9ASE\AICE_arffs\la4j.arff,cost sensitive,0.952288129,0.947578813,0.947588281,0.982876008,0.523030799,0.53166167,0.049695648,0.058326519,0.47333515
D:\experimental data\ISSTA2016_PMT\AAAAADataForISSTA\test_9ASE\AICE_arffs\LastCalc.arff,cost sensitive,0.922146279,0.897247063,0.900755761,0.947838436,0.392951078,0.400841662,0.098544626,0.10643521,0.294406453
D:\experimental data\ISSTA2016_PMT\AAAAADataForISSTA\test_9ASE\AICE_arffs\linq4j.arff,cost sensitive,0.961646284,0.954459714,0.955827361,0.977209183,0.26605587,0.267942154,0.043384532,0.045270816,0.222671337
D:\experimental data\ISSTA2016_PMT\AAAAADataForISSTA\test_9ASE\AICE_arffs\Liqp.arff,cost sensitive,0.896861596,0.881901104,0.875672937,0.909469405,0.755640903,0.760441671,0.110417667,0.115218435,0.645223236
D:\experimental data\ISSTA2016_PMT\AAAAADataForISSTA\test_9ASE\AICE_arffs\log-synth.arff,cost sensitive,0.866151449,0.829196217,0.827956227,0.894971355,0.599586288,0.621158392,0.151300236,0.17287234,0.448286052
D:\experimental data\ISSTA2016_PMT\AAAAADataForISSTA\test_9ASE\AICE_arffs\log4j-jsonevent-layout.arff,cost sensitive,0.991807402,0.991735537,0.991435718,0.94047619,0.950413223,0.950413223,0.008264463,0.008264463,0.94214876
D:\experimental data\ISSTA2016_PMT\AAAAADataForISSTA\test_9ASE\AICE_arffs\low-gc-membuffers.arff,cost sensitive,0.915720866,0.901417961,0.899479748,0.927528097,0.64618501,0.647535449,0.096556381,0.09790682,0.549628629
D:\experimental data\ISSTA2016_PMT\AAAAADataForISSTA\test_9ASE\AICE_arffs\maven-git-commit-id-plugin.arff,cost sensitive,0.91445836,0.89227836,0.893194107,0.942708329,0.513822688,0.515729266,0.106768351,0.108674929,0.407054337
D:\experimental data\ISSTA2016_PMT\AAAAADataForISSTA\test_9ASE\AICE_arffs\maven-s3-wagon.arff,cost sensitive,0.99793126,0.893459916,0.941696561,0.905391121,0.108649789,0.117088608,0.106540084,0.114978903,0.002109705
D:\experimental data\ISSTA2016_PMT\AAAAADataForISSTA\test_9ASE\AICE_arffs\metrics-statsd.arff,cost sensitive,0.989937107,0.978436658,0.982237469,0.999411303,0.040431267,0.040431267,0.021563342,0.021563342,0.018867925
D:\experimental data\ISSTA2016_PMT\AAAAADataForISSTA\test_9ASE\AICE_arffs\microorm.arff,cost sensitive,0.984143519,0.983333333,0.98368121,0.935357031,0.96,0.97,-0.003333333,0.006666667,0.963333333
D:\experimental data\ISSTA2016_PMT\AAAAADataForISSTA\test_9ASE\AICE_arffs\mimecraft.arff,cost sensitive,0.924102365,0.916317992,0.906052839,0.810606061,0.89958159,0.89958159,0.083682008,0.083682008,0.815899582
D:\experimental data\ISSTA2016_PMT\AAAAADataForISSTA\test_9ASE\AICE_arffs\multi-thread-context.arff,cost sensitive,0.986473682,0.986425339,0.986429246,0.991196314,0.529411765,0.542986425,-0.004524887,0.009049774,0.533936652
D:\experimental data\ISSTA2016_PMT\AAAAADataForISSTA\test_9ASE\AICE_arffs\nar-maven-plugin.arff,cost sensitive,0.975075313,0.962220876,0.965807651,0.986585967,0.105158387,0.111909295,0.036480872,0.043231781,0.068677514
D:\experimental data\ISSTA2016_PMT\AAAAADataForISSTA\test_9ASE\AICE_arffs\netty-in-action.arff,cost sensitive,0.981905675,0.97607362,0.977577373,0.992228447,0.098159509,0.098159509,0.02392638,0.02392638,0.074233129
D:\experimental data\ISSTA2016_PMT\AAAAADataForISSTA\test_9ASE\AICE_arffs\netty-tools.arff,cost sensitive,0.931621279,0.914786967,0.917387917,0.95466932,0.365914787,0.370927318,0.077694236,0.082706767,0.288220551
D:\experimental data\ISSTA2016_PMT\AAAAADataForISSTA\test_9ASE\AICE_arffs\obd-java-api.arff,cost sensitive,0.903721189,0.883064516,0.882739187,0.93462157,0.567204301,0.571236559,0.108870968,0.112903226,0.458333333
D:\experimental data\ISSTA2016_PMT\AAAAADataForISSTA\test_9ASE\AICE_arffs\parsii.arff,cost sensitive,0.86374452,0.826438421,0.819059412,0.84382654,0.703756538,0.710413695,0.165002378,0.171659534,0.538754161
D:\experimental data\ISSTA2016_PMT\AAAAADataForISSTA\test_9ASE\AICE_arffs\patricia-trie.arff,cost sensitive,0.912953212,0.891812865,0.89239222,0.931837637,0.527568922,0.529657477,0.105680869,0.107769424,0.421888053
D:\experimental data\ISSTA2016_PMT\AAAAADataForISSTA\test_9ASE\AICE_arffs\PauselessHashMap.arff,cost sensitive,0.806056343,0.754936121,0.727320936,0.722538706,0.819976771,0.832752613,0.224157956,0.236933798,0.595818815
D:\experimental data\ISSTA2016_PMT\AAAAADataForISSTA\test_9ASE\AICE_arffs\photon-core.arff,cost sensitive,0.903903016,0.853932584,0.860747048,0.95125,0.426966292,0.426966292,0.146067416,0.146067416,0.280898876
D:\experimental data\ISSTA2016_PMT\AAAAADataForISSTA\test_9ASE\AICE_arffs\pollexor.arff,cost sensitive,0.991941788,0.991701245,0.99173828,0.998174835,0.286307054,0.286307054,0.008298755,0.008298755,0.278008299
D:\experimental data\ISSTA2016_PMT\AAAAADataForISSTA\test_9ASE\AICE_arffs\proguard-maven-plugin.arff,cost sensitive,0.984566851,0.978007762,0.979805908,0.990910641,0.07373868,0.07373868,0.021992238,0.021992238,0.051746442
D:\experimental data\ISSTA2016_PMT\AAAAADataForISSTA\test_9ASE\AICE_arffs\protoparser.arff,cost sensitive,0.980336581,0.979676327,0.979686699,0.984636001,0.494919082,0.496048175,0.018065487,0.01919458,0.476853594
D:\experimental data\ISSTA2016_PMT\AAAAADataForISSTA\test_9ASE\AICE_arffs\pusher-websocket-java.arff,cost sensitive,0.94799114,0.940986257,0.941212433,0.972522663,0.497170574,0.498787389,0.059013743,0.060630558,0.438156831
D:\experimental data\ISSTA2016_PMT\AAAAADataForISSTA\test_9ASE\AICE_arffs\raml-java-parser.arff,cost sensitive,0.918044721,0.903338225,0.901779004,0.925760981,0.629677183,0.629860602,0.096294938,0.096478357,0.533382245
D:\experimental data\ISSTA2016_PMT\AAAAADataForISSTA\test_9ASE\AICE_arffs\redline-smalltalk.arff,cost sensitive,0.890159033,0.845347313,0.849873554,0.922623756,0.476408912,0.484054172,0.145915247,0.153560507,0.330493665
D:\experimental data\ISSTA2016_PMT\AAAAADataForISSTA\test_9ASE\AICE_arffs\redline.arff,cost sensitive,0.893998217,0.837350864,0.843732932,0.892853203,0.467007548,0.468955442,0.162649136,0.164597029,0.304358412
D:\experimental data\ISSTA2016_PMT\AAAAADataForISSTA\test_9ASE\AICE_arffs\RestFixture.arff,cost sensitive,0.946940516,0.938159331,0.938985998,0.96829892,0.425973081,0.427064387,0.061113132,0.062204438,0.364859949
D:\experimental data\ISSTA2016_PMT\AAAAADataForISSTA\test_9ASE\AICE_arffs\rome.arff,cost sensitive,0.886049483,0.836367601,0.838753327,0.907566933,0.537446855,0.538100948,0.163414368,0.164068462,0.374032487
D:\experimental data\ISSTA2016_PMT\AAAAADataForISSTA\test_9ASE\AICE_arffs\rtree.arff,cost sensitive,0.886597521,0.875619152,0.869107044,0.850648623,0.760594386,0.772702256,0.103467254,0.115575124,0.657127133
D:\experimental data\ISSTA2016_PMT\AAAAADataForISSTA\test_9ASE\AICE_arffs\SansOrm.arff,cost sensitive,0.998803419,0.994615385,0.996321392,1,0.006923077,0.006923077,0.005384615,0.005384615,0.001538462
D:\experimental data\ISSTA2016_PMT\AAAAADataForISSTA\test_9ASE\AICE_arffs\scribe-java.arff,cost sensitive,0.935500558,0.918719212,0.9211253,0.962656205,0.372536946,0.376847291,0.078817734,0.083128079,0.293719212
D:\experimental data\ISSTA2016_PMT\AAAAADataForISSTA\test_9ASE\AICE_arffs\scrypt.arff,cost sensitive,0.915479039,0.914473684,0.906476295,0.841591578,0.883458647,0.891917293,0.068609023,0.077067669,0.814849624
D:\experimental data\ISSTA2016_PMT\AAAAADataForISSTA\test_9ASE\AICE_arffs\skype-java-api.arff,cost sensitive,0.986186804,0.983722192,0.984326238,0.993117625,0.103816242,0.104177971,0.015916079,0.016277808,0.087900163
D:\experimental data\ISSTA2016_PMT\AAAAADataForISSTA\test_9ASE\AICE_arffs\sonar-objective-c.arff,cost sensitive,0.952896161,0.944676409,0.946303774,0.97810883,0.282881002,0.28914405,0.04697286,0.053235908,0.235908142
D:\experimental data\ISSTA2016_PMT\AAAAADataForISSTA\test_9ASE\AICE_arffs\spatial4j.arff,cost sensitive,0.926071172,0.908860759,0.91002372,0.936404146,0.476107595,0.476582278,0.090506329,0.090981013,0.385601266
D:\experimental data\ISSTA2016_PMT\AAAAADataForISSTA\test_9ASE\AICE_arffs\spr-mvc-hib.arff,cost sensitive,0.970228091,0.739495798,0.822738991,0.860869565,0.294117647,0.294117647,0.260504202,0.260504202,0.033613445
D:\experimental data\ISSTA2016_PMT\AAAAADataForISSTA\test_9ASE\AICE_arffs\spring-data-commons.arff,cost sensitive,0.885175914,0.859415267,0.854445456,0.903915265,0.690482538,0.696614236,0.135075091,0.141206789,0.555407447
D:\experimental data\ISSTA2016_PMT\AAAAADataForISSTA\test_9ASE\AICE_arffs\spring-data-envers.arff,cost sensitive,0.993884851,0.99382716,0.993813845,0.983069407,0.660493827,0.660493827,0.00617284,0.00617284,0.654320988
D:\experimental data\ISSTA2016_PMT\AAAAADataForISSTA\test_9ASE\AICE_arffs\spring-elasticsearch.arff,cost sensitive,0.87925254,0.830827068,0.833209514,0.897303311,0.537593985,0.541353383,0.161654135,0.165413534,0.37593985
D:\experimental data\ISSTA2016_PMT\AAAAADataForISSTA\test_9ASE\AICE_arffs\spring-mvc-showcase.arff,cost sensitive,0.919095512,0.909688013,0.900724044,0.830229449,0.866995074,0.866995074,0.090311987,0.090311987,0.776683087
D:\experimental data\ISSTA2016_PMT\AAAAADataForISSTA\test_9ASE\AICE_arffs\spring-rest-service-oauth.arff,cost sensitive,0.897562956,0.855855856,0.866089842,0.973953013,0.693693694,0.81981982,-0.108108108,0.018018018,0.801801802
D:\experimental data\ISSTA2016_PMT\AAAAADataForISSTA\test_9ASE\AICE_arffs\spring-retry.arff,cost sensitive,0.894602801,0.874282733,0.869886544,0.901820301,0.694835681,0.699008868,0.120500782,0.12467397,0.574334898
D:\experimental data\ISSTA2016_PMT\AAAAADataForISSTA\test_9ASE\AICE_arffs\stateless4j.arff,cost sensitive,0.916030813,0.904153355,0.9037453,0.946505022,0.567092652,0.575079872,0.083067093,0.091054313,0.484025559
D:\experimental data\ISSTA2016_PMT\AAAAADataForISSTA\test_9ASE\AICE_arffs\statsd-jvm-profiler.arff,cost sensitive,0.959709256,0.955445545,0.955897688,0.966713595,0.404290429,0.405940594,0.041254125,0.04290429,0.363036304
D:\experimental data\ISSTA2016_PMT\AAAAADataForISSTA\test_9ASE\AICE_arffs\storm-elastic-search.arff,cost sensitive,0.996744792,0.98046875,0.987347507,0.98627451,0.0234375,0.0234375,0.01953125,0.01953125,0.00390625
D:\experimental data\ISSTA2016_PMT\AAAAADataForISSTA\test_9ASE\AICE_arffs\storm-jms.arff,cost sensitive,0.992169622,0.992105263,0.991682822,1,0.031578947,0.039473684,-0.007894737,0,0.039473684
D:\experimental data\ISSTA2016_PMT\AAAAADataForISSTA\test_9ASE\AICE_arffs\storm-pattern.arff,cost sensitive,0.935482321,0.92159877,0.922830501,0.950608166,0.442736357,0.442736357,0.07840123,0.07840123,0.364335127
D:\experimental data\ISSTA2016_PMT\AAAAADataForISSTA\test_9ASE\AICE_arffs\swagger-maven-plugin.arff,cost sensitive,0.974432967,0.967822667,0.969659652,0.986071457,0.115838398,0.120486235,0.026456918,0.031104755,0.08938148
D:\experimental data\ISSTA2016_PMT\AAAAADataForISSTA\test_9ASE\AICE_arffs\TProfiler.arff,cost sensitive,0.998904483,0.998845266,0.998860119,0.999673124,0.022517321,0.022517321,0.001154734,0.001154734,0.021362587
D:\experimental data\ISSTA2016_PMT\AAAAADataForISSTA\test_9ASE\AICE_arffs\urlbuilder.arff,cost sensitive,0.897762274,0.883069428,0.8602619,0.741809919,0.930572473,0.930572473,0.116930572,0.116930572,0.8136419
D:\experimental data\ISSTA2016_PMT\AAAAADataForISSTA\test_9ASE\AICE_arffs\visualee.arff,cost sensitive,0.92795272,0.887154862,0.895327718,0.955922265,0.31212485,0.31452581,0.112845138,0.115246098,0.199279712
D:\experimental data\ISSTA2016_PMT\AAAAADataForISSTA\test_9ASE\AICE_arffs\warcbase.arff,cost sensitive,0.978608338,0.974445618,0.97545308,0.988457756,0.140865892,0.142555438,0.023864836,0.025554382,0.117001056
D:\experimental data\ISSTA2016_PMT\AAAAADataForISSTA\test_9ASE\AICE_arffs\webapp-runner.arff,cost sensitive,0.997982022,0.997890295,0.997912568,0.999597747,0.048523207,0.048523207,0.002109705,0.002109705,0.046413502
D:\experimental data\ISSTA2016_PMT\AAAAADataForISSTA\test_9ASE\AICE_arffs\webbit.arff,cost sensitive,0.938123778,0.928969768,0.929780956,0.954564267,0.444379219,0.45142354,0.063398885,0.070443205,0.380980335
D:\experimental data\ISSTA2016_PMT\AAAAADataForISSTA\test_9ASE\AICE_arffs\webprotege.arff,cost sensitive,0.982629601,0.980055686,0.980745061,0.994690727,0.110957525,0.116210185,0.016073932,0.021326593,0.094883592
D:\experimental data\ISSTA2016_PMT\AAAAADataForISSTA\test_9ASE\AICE_arffs\wsc.arff,cost sensitive,0.96166718,0.932131148,0.940513946,0.969984074,0.148852459,0.151737705,0.065901639,0.068786885,0.08295082
D:\experimental data\ISSTA2016_PMT\AAAAADataForISSTA\test_9ASE\AICE_arffs\wsdoc.arff,cost sensitive,0.977265234,0.974116162,0.974745105,0.988887075,0.212752525,0.212752525,0.025883838,0.025883838,0.186868687
D:\experimental data\ISSTA2016_PMT\AAAAADataForISSTA\test_9ASE\AICE_arffs\xembly.arff,cost sensitive,0.895854752,0.873642646,0.872458148,0.933167447,0.5982231,0.603158934,0.116485686,0.12142152,0.481737414
D:\experimental data\ISSTA2016_PMT\AAAAADataForISSTA\test_9ASE\AICE_arffs\xsoup.arff,cost sensitive,0.957396753,0.952124798,0.952698956,0.973646581,0.399677246,0.401291017,0.045723507,0.047337278,0.353953739
D:\experimental data\ISSTA2016_PMT\AAAAADataForISSTA\test_9ASE\AICE_arffs\zt-exec.arff,cost sensitive,0.93357711,0.898712446,0.906093298,0.966363822,0.28583691,0.286695279,0.099570815,0.100429185,0.186266094
D:\experimental data\ISSTA2016_PMT\AAAAADataForISSTA\test_9ASE\AICE_arffs\zt-zip.arff,cost sensitive,0.907107231,0.860471725,0.867955313,0.925602904,0.393009378,0.396135266,0.134981529,0.138107417,0.258027849
